macro_id,macro_label,meso_id,meso_label,micro_id,micro_label
1,1 Clinical & Life Sciences,5,1.5 Neuroscience,77,1.5.77 Deep Brain Stimulation
1,1 Clinical & Life Sciences,5,1.5 Neuroscience,268,1.5.268 Glutamate
1,1 Clinical & Life Sciences,5,1.5 Neuroscience,338,1.5.338 Serotonin
1,1 Clinical & Life Sciences,5,1.5 Neuroscience,393,1.5.393 Spiking Neural Networks
1,1 Clinical & Life Sciences,5,1.5 Neuroscience,420,1.5.420 Cortisol
1,1 Clinical & Life Sciences,5,1.5 Neuroscience,560,1.5.560 Hippocampus
1,1 Clinical & Life Sciences,5,1.5 Neuroscience,633,1.5.633 Gamma-aminobutyric Acid
1,1 Clinical & Life Sciences,5,1.5 Neuroscience,767,1.5.767 Neurogenesis
1,1 Clinical & Life Sciences,5,1.5 Neuroscience,810,1.5.810 Nerve Growth Factor
1,1 Clinical & Life Sciences,5,1.5 Neuroscience,826,1.5.826 Axon Guidance
1,1 Clinical & Life Sciences,5,1.5 Neuroscience,894,1.5.894 Nicotine
1,1 Clinical & Life Sciences,5,1.5 Neuroscience,941,1.5.941 Oxytocin
1,1 Clinical & Life Sciences,5,1.5 Neuroscience,949,1.5.949 Muscarinic Receptors
1,1 Clinical & Life Sciences,5,1.5 Neuroscience,987,1.5.987 Neurosteroids
1,1 Clinical & Life Sciences,5,1.5 Neuroscience,1090,1.5.1090 Fear Conditioning
1,1 Clinical & Life Sciences,5,1.5 Neuroscience,1501,1.5.1501 Cerebellum
1,1 Clinical & Life Sciences,5,1.5 Neuroscience,1511,1.5.1511 Ultrasonic Vocalization
1,1 Clinical & Life Sciences,5,1.5 Neuroscience,1560,1.5.1560 Alcohol Withdrawal
1,1 Clinical & Life Sciences,5,1.5 Neuroscience,1674,1.5.1674 Ketogenic Diet
1,1 Clinical & Life Sciences,5,1.5 Neuroscience,2327,1.5.2327 Protein Intolerance
1,1 Clinical & Life Sciences,6,1.6 Immunology,106,1.6.106 Interferons
1,1 Clinical & Life Sciences,6,1.6 Immunology,127,1.6.127 T Cell Receptor
1,1 Clinical & Life Sciences,6,1.6 Immunology,214,1.6.214 PD-1
1,1 Clinical & Life Sciences,6,1.6 Immunology,351,1.6.351 Endotoxin
1,1 Clinical & Life Sciences,6,1.6 Immunology,358,1.6.358 Dendritic Cells
1,1 Clinical & Life Sciences,6,1.6 Immunology,452,1.6.452 Somatic Hypermutation
1,1 Clinical & Life Sciences,6,1.6 Immunology,487,1.6.487 FOXP3
1,1 Clinical & Life Sciences,6,1.6 Immunology,607,1.6.607 Sequence-Based Typing
1,1 Clinical & Life Sciences,6,1.6 Immunology,609,1.6.609 Toll-like Receptors
1,1 Clinical & Life Sciences,6,1.6 Immunology,935,1.6.935 ICAM-1
1,1 Clinical & Life Sciences,6,1.6 Immunology,1007,1.6.1007 Chemokine
1,1 Clinical & Life Sciences,6,1.6 Immunology,1021,1.6.1021 Natural Killer Cells
1,1 Clinical & Life Sciences,6,1.6 Immunology,1264,1.6.1264 STAT3
1,1 Clinical & Life Sciences,6,1.6 Immunology,1437,1.6.1437 Common Variable Immunodeficiency
1,1 Clinical & Life Sciences,6,1.6 Immunology,1675,1.6.1675 Macrophages
1,1 Clinical & Life Sciences,6,1.6 Immunology,1831,1.6.1831 Fc Receptor
1,1 Clinical & Life Sciences,6,1.6 Immunology,2262,1.6.2262 Neutrophil Extracellular Traps
1,1 Clinical & Life Sciences,6,1.6 Immunology,2387,1.6.2387 Interleukin
1,1 Clinical & Life Sciences,7,1.7 Neuroscanning,191,1.7.191 Aphasia
1,1 Clinical & Life Sciences,7,1.7 Neuroscanning,203,1.7.203 Visual Cortex
1,1 Clinical & Life Sciences,7,1.7 Neuroscanning,249,1.7.249 Visual Search
1,1 Clinical & Life Sciences,7,1.7 Neuroscanning,354,1.7.354 Emotion
1,1 Clinical & Life Sciences,7,1.7 Neuroscanning,592,1.7.592 Gambling
1,1 Clinical & Life Sciences,7,1.7 Neuroscanning,603,1.7.603 Brain Computer Interface
1,1 Clinical & Life Sciences,7,1.7 Neuroscanning,631,1.7.631 Prospective Memory
1,1 Clinical & Life Sciences,7,1.7 Neuroscanning,637,1.7.637 Action Observation
1,1 Clinical & Life Sciences,7,1.7 Neuroscanning,661,1.7.661 Saccades
1,1 Clinical & Life Sciences,7,1.7 Neuroscanning,694,1.7.694 Theory Of Mind
1,1 Clinical & Life Sciences,7,1.7 Neuroscanning,720,1.7.720 Functional Connectivity
1,1 Clinical & Life Sciences,7,1.7 Neuroscanning,968,1.7.968 Mismatch Negativity
1,1 Clinical & Life Sciences,7,1.7 Neuroscanning,1026,1.7.1026 Intelligence
1,1 Clinical & Life Sciences,7,1.7 Neuroscanning,1043,1.7.1043 Multisensory Integration
1,1 Clinical & Life Sciences,7,1.7 Neuroscanning,1311,1.7.1311 Numerical Cognition
1,1 Clinical & Life Sciences,7,1.7 Neuroscanning,1400,1.7.1400 Mental Rotation
1,1 Clinical & Life Sciences,7,1.7 Neuroscanning,1591,1.7.1591 Category Learning
1,1 Clinical & Life Sciences,7,1.7 Neuroscanning,2026,1.7.2026 Hand Preference
1,1 Clinical & Life Sciences,7,1.7 Neuroscanning,2100,1.7.2100 Deception Detection
1,1 Clinical & Life Sciences,14,1.14 Nursing,265,1.14.265 Nursing
1,1 Clinical & Life Sciences,14,1.14 Nursing,288,1.14.288 Medication Errors
1,1 Clinical & Life Sciences,14,1.14 Nursing,363,1.14.363 Nursing Education
1,1 Clinical & Life Sciences,14,1.14 Nursing,364,1.14.364 Health Insurance
1,1 Clinical & Life Sciences,14,1.14 Nursing,577,1.14.577 Work Stress
1,1 Clinical & Life Sciences,14,1.14 Nursing,703,1.14.703 Electronic Health Records
1,1 Clinical & Life Sciences,14,1.14 Nursing,724,1.14.724 Shared Decision Making
1,1 Clinical & Life Sciences,14,1.14 Nursing,763,1.14.763 Evidence-Based Practice
1,1 Clinical & Life Sciences,14,1.14 Nursing,841,1.14.841 Academic Medicine
1,1 Clinical & Life Sciences,14,1.14 Nursing,849,1.14.849 Surgical Education
1,1 Clinical & Life Sciences,14,1.14 Nursing,1115,1.14.1115 Hospitalist
1,1 Clinical & Life Sciences,14,1.14 Nursing,1189,1.14.1189 Multimorbidity
1,1 Clinical & Life Sciences,14,1.14 Nursing,1293,1.14.1293 Emergency Department
1,1 Clinical & Life Sciences,14,1.14 Nursing,1359,1.14.1359 Interprofessional Education
1,1 Clinical & Life Sciences,14,1.14 Nursing,1849,1.14.1849 Appointment Scheduling
1,1 Clinical & Life Sciences,14,1.14 Nursing,1957,1.14.1957 Referrals
1,1 Clinical & Life Sciences,14,1.14 Nursing,2205,1.14.2205 Medical Malpractice
1,1 Clinical & Life Sciences,14,1.14 Nursing,2441,1.14.2441 Public and National Health Services
1,1 Clinical & Life Sciences,21,1.21 Psychiatry,24,1.21.24 Schizophrenia
1,1 Clinical & Life Sciences,21,1.21 Psychiatry,35,1.21.35 Depression
1,1 Clinical & Life Sciences,21,1.21 Psychiatry,430,1.21.430 Suicide
1,1 Clinical & Life Sciences,21,1.21 Psychiatry,624,1.21.624 Psychopathy
1,1 Clinical & Life Sciences,21,1.21 Psychiatry,739,1.21.739 Bipolar Disorder
1,1 Clinical & Life Sciences,21,1.21 Psychiatry,952,1.21.952 Obsessive-Compulsive Disorder
1,1 Clinical & Life Sciences,21,1.21 Psychiatry,1179,1.21.1179 Mindfulness
1,1 Clinical & Life Sciences,21,1.21 Psychiatry,1363,1.21.1363 Mental Health
1,1 Clinical & Life Sciences,21,1.21 Psychiatry,1431,1.21.1431 Borderline Personality Disorder
1,1 Clinical & Life Sciences,21,1.21 Psychiatry,1519,1.21.1519 5-HTTLPR
1,1 Clinical & Life Sciences,21,1.21 Psychiatry,1604,1.21.1604 Electroconvulsive Therapy
1,1 Clinical & Life Sciences,21,1.21 Psychiatry,1692,1.21.1692 Olanzapine
1,1 Clinical & Life Sciences,21,1.21 Psychiatry,1828,1.21.1828 Neuropsychiatric Disorders
1,1 Clinical & Life Sciences,21,1.21 Psychiatry,1949,1.21.1949 Social Anxiety
1,1 Clinical & Life Sciences,21,1.21 Psychiatry,1967,1.21.1967 Malingering
1,1 Clinical & Life Sciences,21,1.21 Psychiatry,2253,1.21.2253 Capgras Syndrome
1,1 Clinical & Life Sciences,21,1.21 Psychiatry,2270,1.21.2270 Perfectionism
1,1 Clinical & Life Sciences,21,1.21 Psychiatry,2323,1.21.2323 Munchausen Syndrome
1,1 Clinical & Life Sciences,23,1.23 Antibiotics & Antimicrobials,146,1.23.146 Antibiotic Resistance
1,1 Clinical & Life Sciences,23,1.23 Antibiotics & Antimicrobials,173,1.23.173 Staphylococcus Aureus
1,1 Clinical & Life Sciences,23,1.23 Antibiotics & Antimicrobials,347,1.23.347 Streptococcus Pneumoniae
1,1 Clinical & Life Sciences,23,1.23 Antibiotics & Antimicrobials,422,1.23.422 Gentamicin
1,1 Clinical & Life Sciences,23,1.23 Antibiotics & Antimicrobials,714,1.23.714 Neisseria Meningitidis
1,1 Clinical & Life Sciences,23,1.23 Antibiotics & Antimicrobials,846,1.23.846 Heat and Moisture Exchangers
1,1 Clinical & Life Sciences,23,1.23 Antibiotics & Antimicrobials,944,1.23.944 Septic Arthritis
1,1 Clinical & Life Sciences,23,1.23 Antibiotics & Antimicrobials,1036,1.23.1036 Surgical Site Infection
1,1 Clinical & Life Sciences,23,1.23 Antibiotics & Antimicrobials,1051,1.23.1051 Necrotizing Fasciitis
1,1 Clinical & Life Sciences,23,1.23 Antibiotics & Antimicrobials,1397,1.23.1397 Urinary Tract Infection
1,1 Clinical & Life Sciences,23,1.23 Antibiotics & Antimicrobials,1442,1.23.1442 Infective Endocarditis
1,1 Clinical & Life Sciences,23,1.23 Antibiotics & Antimicrobials,1680,1.23.1680 Swine Dysentery
1,1 Clinical & Life Sciences,23,1.23 Antibiotics & Antimicrobials,1757,1.23.1757 Group B Streptococcus
1,1 Clinical & Life Sciences,23,1.23 Antibiotics & Antimicrobials,2029,1.23.2029 Hallucinations
1,1 Clinical & Life Sciences,23,1.23 Antibiotics & Antimicrobials,2108,1.23.2108 MALDI-TOF
1,1 Clinical & Life Sciences,23,1.23 Antibiotics & Antimicrobials,2128,1.23.2128 Peritonsillar Abscess
1,1 Clinical & Life Sciences,23,1.23 Antibiotics & Antimicrobials,2474,1.23.2474 Outpatient Parenteral Antimicrobial Therapy
1,1 Clinical & Life Sciences,25,"1.25 Molecular & Cell Biology - Cancer, Autophagy & Apoptosis",134,1.25.134 Apoptosis
1,1 Clinical & Life Sciences,25,"1.25 Molecular & Cell Biology - Cancer, Autophagy & Apoptosis",396,1.25.396 P16
1,1 Clinical & Life Sciences,25,"1.25 Molecular & Cell Biology - Cancer, Autophagy & Apoptosis",512,1.25.512 Hsp70
1,1 Clinical & Life Sciences,25,"1.25 Molecular & Cell Biology - Cancer, Autophagy & Apoptosis",537,1.25.537 c-Myc
1,1 Clinical & Life Sciences,25,"1.25 Molecular & Cell Biology - Cancer, Autophagy & Apoptosis",656,1.25.656 P53
1,1 Clinical & Life Sciences,25,"1.25 Molecular & Cell Biology - Cancer, Autophagy & Apoptosis",782,1.25.782 Proteasome
1,1 Clinical & Life Sciences,25,"1.25 Molecular & Cell Biology - Cancer, Autophagy & Apoptosis",797,1.25.797 Autophagy
1,1 Clinical & Life Sciences,25,"1.25 Molecular & Cell Biology - Cancer, Autophagy & Apoptosis",803,1.25.803 mTOR
1,1 Clinical & Life Sciences,25,"1.25 Molecular & Cell Biology - Cancer, Autophagy & Apoptosis",887,1.25.887 RAS
1,1 Clinical & Life Sciences,25,"1.25 Molecular & Cell Biology - Cancer, Autophagy & Apoptosis",1247,1.25.1247 NF-Kappa B
1,1 Clinical & Life Sciences,25,"1.25 Molecular & Cell Biology - Cancer, Autophagy & Apoptosis",1398,1.25.1398 Protein Kinase CK2
1,1 Clinical & Life Sciences,25,"1.25 Molecular & Cell Biology - Cancer, Autophagy & Apoptosis",1406,1.25.1406 Unfolded Protein Response
1,1 Clinical & Life Sciences,25,"1.25 Molecular & Cell Biology - Cancer, Autophagy & Apoptosis",1461,1.25.1461 Histone Deacetylase
1,1 Clinical & Life Sciences,25,"1.25 Molecular & Cell Biology - Cancer, Autophagy & Apoptosis",1473,1.25.1473 Warburg Effect
1,1 Clinical & Life Sciences,25,"1.25 Molecular & Cell Biology - Cancer, Autophagy & Apoptosis",1481,1.25.1481 Noonan Syndrome
1,1 Clinical & Life Sciences,26,1.26 Diabetes,42,1.26.42 Diabetes
1,1 Clinical & Life Sciences,26,1.26 Diabetes,107,1.26.107 Adiponectin
1,1 Clinical & Life Sciences,26,1.26 Diabetes,337,1.26.337 Leptin
1,1 Clinical & Life Sciences,26,1.26 Diabetes,361,1.26.361 Islets
1,1 Clinical & Life Sciences,26,1.26 Diabetes,831,1.26.831 GLP-1
1,1 Clinical & Life Sciences,26,1.26 Diabetes,1016,1.26.1016 Type 1 Diabetes
1,1 Clinical & Life Sciences,26,1.26 Diabetes,1099,1.26.1099 GLUT4
1,1 Clinical & Life Sciences,26,1.26 Diabetes,1418,1.26.1418 Metformin
1,1 Clinical & Life Sciences,26,1.26 Diabetes,1419,1.26.1419 Brown Adipose Tissue
1,1 Clinical & Life Sciences,26,1.26 Diabetes,1850,1.26.1850 Hyperglycemia
1,1 Clinical & Life Sciences,26,1.26 Diabetes,1876,1.26.1876 Adipogenesis
1,1 Clinical & Life Sciences,26,1.26 Diabetes,1879,1.26.1879 Trimetazidine
1,1 Clinical & Life Sciences,34,1.34 Orthopedics,158,1.34.158 Total Arthroplasty
1,1 Clinical & Life Sciences,34,1.34 Orthopedics,255,1.34.255 Osteoarthritis
1,1 Clinical & Life Sciences,34,1.34 Orthopedics,440,1.34.440 Anterior Cruciate Ligament
1,1 Clinical & Life Sciences,34,1.34 Orthopedics,480,1.34.480 Ankle
1,1 Clinical & Life Sciences,34,1.34 Orthopedics,485,1.34.485 Shoulder
1,1 Clinical & Life Sciences,34,1.34 Orthopedics,800,1.34.800 Intramedullary Nailing
1,1 Clinical & Life Sciences,34,1.34 Orthopedics,982,1.34.982 Achilles Tendon
1,1 Clinical & Life Sciences,34,1.34 Orthopedics,1020,1.34.1020 Scaphoid
1,1 Clinical & Life Sciences,34,1.34 Orthopedics,1305,1.34.1305 Femoroacetabular Impingement
1,1 Clinical & Life Sciences,34,1.34 Orthopedics,1657,1.34.1657 Elbow
1,1 Clinical & Life Sciences,34,1.34 Orthopedics,1740,1.34.1740 Hip Fracture
1,1 Clinical & Life Sciences,34,1.34 Orthopedics,2031,1.34.2031 Pelvic Fracture
1,1 Clinical & Life Sciences,34,1.34 Orthopedics,2039,1.34.2039 Osteonecrosis
1,1 Clinical & Life Sciences,34,1.34 Orthopedics,2257,1.34.2257 Heterotopic Ossification
1,1 Clinical & Life Sciences,36,1.36 Ophthalmology,141,1.36.141 Keratoconus
1,1 Clinical & Life Sciences,36,1.36 Ophthalmology,212,1.36.212 Retina
1,1 Clinical & Life Sciences,36,1.36 Ophthalmology,226,1.36.226 Glaucoma
1,1 Clinical & Life Sciences,36,1.36 Ophthalmology,383,1.36.383 Diabetic Retinopathy
1,1 Clinical & Life Sciences,36,1.36 Ophthalmology,686,1.36.686 Dry Eye
1,1 Clinical & Life Sciences,36,1.36 Ophthalmology,813,1.36.813 Myopia
1,1 Clinical & Life Sciences,36,1.36 Ophthalmology,1207,1.36.1207 Behcet's Disease
1,1 Clinical & Life Sciences,36,1.36 Ophthalmology,1314,1.36.1314 Macular Hole
1,1 Clinical & Life Sciences,36,1.36 Ophthalmology,1356,1.36.1356 Acanthamoeba
1,1 Clinical & Life Sciences,36,1.36 Ophthalmology,1414,1.36.1414 Uveal Melanoma
1,1 Clinical & Life Sciences,36,1.36 Ophthalmology,1932,1.36.1932 Idiopathic Intracranial Hypertension
1,1 Clinical & Life Sciences,36,1.36 Ophthalmology,2059,1.36.2059 Retinopathy Of Prematurity
1,1 Clinical & Life Sciences,36,1.36 Ophthalmology,2358,1.36.2358 Retrobulbar Anesthesia
1,1 Clinical & Life Sciences,37,1.37 Cardiology - General,164,1.37.164 Aortic Stenosis
1,1 Clinical & Life Sciences,37,1.37 Cardiology - General,309,1.37.309 Congenital Heart Disease
1,1 Clinical & Life Sciences,37,1.37 Cardiology - General,328,1.37.328 Heart Failure
1,1 Clinical & Life Sciences,37,1.37 Cardiology - General,467,1.37.467 Echocardiography
1,1 Clinical & Life Sciences,37,1.37 Cardiology - General,691,1.37.691 Pulmonary Hypertension
1,1 Clinical & Life Sciences,37,1.37 Cardiology - General,836,1.37.836 Left Ventricular Assist Device
1,1 Clinical & Life Sciences,37,1.37 Cardiology - General,1093,1.37.1093 Atrial Natriuretic Peptide
1,1 Clinical & Life Sciences,37,1.37 Cardiology - General,1132,1.37.1132 Hypertrophic Cardiomyopathy
1,1 Clinical & Life Sciences,37,1.37 Cardiology - General,1256,1.37.1256 Patent Foramen Ovale
1,1 Clinical & Life Sciences,37,1.37 Cardiology - General,1774,1.37.1774 Anomalous Origin
1,1 Clinical & Life Sciences,37,1.37 Cardiology - General,1920,1.37.1920 Myocarditis
1,1 Clinical & Life Sciences,37,1.37 Cardiology - General,1993,1.37.1993 Constrictive Pericarditis
1,1 Clinical & Life Sciences,37,1.37 Cardiology - General,2086,1.37.2086 Ventricular Septal Rupture
1,1 Clinical & Life Sciences,37,1.37 Cardiology - General,2126,1.37.2126 Peripartum Cardiomyopathy
1,1 Clinical & Life Sciences,37,1.37 Cardiology - General,2220,1.37.2220 Myxomatous Mitral Valve Disease
1,1 Clinical & Life Sciences,42,1.42 Bacteriology,131,1.42.131 RNA Polymerase
1,1 Clinical & Life Sciences,42,1.42 Bacteriology,376,1.42.376 Salmonella
1,1 Clinical & Life Sciences,42,1.42 Bacteriology,545,1.42.545 STEC
1,1 Clinical & Life Sciences,42,1.42 Bacteriology,567,1.42.567 Quorum Sensing
1,1 Clinical & Life Sciences,42,1.42 Bacteriology,678,1.42.678 Listeria Monocytogenes
1,1 Clinical & Life Sciences,42,1.42 Bacteriology,839,1.42.839 Outer Membrane
1,1 Clinical & Life Sciences,42,1.42 Bacteriology,853,1.42.853 Vibrio Cholerae
1,1 Clinical & Life Sciences,42,1.42 Bacteriology,959,1.42.959 Bacillus Anthracis
1,1 Clinical & Life Sciences,42,1.42 Bacteriology,1190,1.42.1190 Myxococcus Xanthus
1,1 Clinical & Life Sciences,42,1.42 Bacteriology,1349,1.42.1349 Bacteriophage
1,1 Clinical & Life Sciences,42,1.42 Bacteriology,1750,1.42.1750 Yersinia Pestis
1,1 Clinical & Life Sciences,42,1.42 Bacteriology,1934,1.42.1934 Melioidosis
1,1 Clinical & Life Sciences,42,1.42 Bacteriology,2342,1.42.2342 Francisella Tularensis
1,1 Clinical & Life Sciences,43,1.43 Anesthesiology,135,1.43.135 Neuropathic Pain
1,1 Clinical & Life Sciences,43,1.43 Anesthesiology,202,1.43.202 Bupivacaine
1,1 Clinical & Life Sciences,43,1.43 Anesthesiology,320,1.43.320 Morphine
1,1 Clinical & Life Sciences,43,1.43 Anesthesiology,353,1.43.353 Propofol
1,1 Clinical & Life Sciences,43,1.43 Anesthesiology,562,1.43.562 Pain Management
1,1 Clinical & Life Sciences,43,1.43 Anesthesiology,1186,1.43.1186 Dental Anxiety
1,1 Clinical & Life Sciences,43,1.43 Anesthesiology,1203,1.43.1203 Acupuncture
1,1 Clinical & Life Sciences,43,1.43 Anesthesiology,1482,1.43.1482 Antiemetics
1,1 Clinical & Life Sciences,43,1.43 Anesthesiology,1642,1.43.1642 Xylazine
1,1 Clinical & Life Sciences,43,1.43 Anesthesiology,1704,1.43.1704 Rocuronium
1,1 Clinical & Life Sciences,43,1.43 Anesthesiology,1905,1.43.1905 Complex Regional Pain Syndrome
1,1 Clinical & Life Sciences,43,1.43 Anesthesiology,1984,1.43.1984 Enhanced Recovery
1,1 Clinical & Life Sciences,43,1.43 Anesthesiology,2167,1.43.2167 Hypnosis
1,1 Clinical & Life Sciences,43,1.43 Anesthesiology,2353,1.43.2353 Sigma Receptor
1,1 Clinical & Life Sciences,43,1.43 Anesthesiology,2455,1.43.2455 Anti-Cancer Agents
1,1 Clinical & Life Sciences,44,1.44 Nutrition & Dietetics,29,1.44.29 Obesity
1,1 Clinical & Life Sciences,44,1.44 Nutrition & Dietetics,103,1.44.103 Physical Activity
1,1 Clinical & Life Sciences,44,1.44 Nutrition & Dietetics,330,1.44.330 Sarcopenia
1,1 Clinical & Life Sciences,44,1.44 Nutrition & Dietetics,335,1.44.335 Eating Disorders
1,1 Clinical & Life Sciences,44,1.44 Nutrition & Dietetics,897,1.44.897 Bariatric Surgery
1,1 Clinical & Life Sciences,44,1.44 Nutrition & Dietetics,1069,1.44.1069 Sibutramine
1,1 Clinical & Life Sciences,44,1.44 Nutrition & Dietetics,1198,1.44.1198 Food Insecurity
1,1 Clinical & Life Sciences,44,1.44 Nutrition & Dietetics,2060,1.44.2060 Occupational Medicine
1,1 Clinical & Life Sciences,44,1.44 Nutrition & Dietetics,2394,1.44.2394 Dietetics
1,1 Clinical & Life Sciences,49,1.49 Dentistry & Oral Medicine,117,1.49.117 Dentin
1,1 Clinical & Life Sciences,49,1.49 Dentistry & Oral Medicine,394,1.49.394 Porphyromonas Gingivalis
1,1 Clinical & Life Sciences,49,1.49 Dentistry & Oral Medicine,402,1.49.402 Dental Implants
1,1 Clinical & Life Sciences,49,1.49 Dentistry & Oral Medicine,464,1.49.464 Orthodontic Treatment
1,1 Clinical & Life Sciences,49,1.49 Dentistry & Oral Medicine,468,1.49.468 Oral Health
1,1 Clinical & Life Sciences,49,1.49 Dentistry & Oral Medicine,910,1.49.910 Temporomandibular Joint
1,1 Clinical & Life Sciences,49,1.49 Dentistry & Oral Medicine,928,1.49.928 Dental Trauma
1,1 Clinical & Life Sciences,49,1.49 Dentistry & Oral Medicine,1017,1.49.1017 Cleft Palate
1,1 Clinical & Life Sciences,49,1.49 Dentistry & Oral Medicine,1061,1.49.1061 Endodontics
1,1 Clinical & Life Sciences,49,1.49 Dentistry & Oral Medicine,2042,1.49.2042 Fluoride
1,1 Clinical & Life Sciences,52,1.52 Neurodegenerative Diseases,57,1.52.57 Alzheimer's Disease
1,1 Clinical & Life Sciences,52,1.52 Neurodegenerative Diseases,60,1.52.60 Dementia
1,1 Clinical & Life Sciences,52,1.52 Neurodegenerative Diseases,67,1.52.67 Parkinson's Disease
1,1 Clinical & Life Sciences,52,1.52 Neurodegenerative Diseases,765,1.52.765 Amyotrophic Lateral Sclerosis
1,1 Clinical & Life Sciences,52,1.52 Neurodegenerative Diseases,951,1.52.951 Huntington's Disease
1,1 Clinical & Life Sciences,52,1.52 Neurodegenerative Diseases,992,1.52.992 Prion Protein
1,1 Clinical & Life Sciences,52,1.52 Neurodegenerative Diseases,1448,1.52.1448 Microglia
1,1 Clinical & Life Sciences,54,1.54 Molecular & Cell Biology - Genetics,79,1.54.79 Gene Expression Data
1,1 Clinical & Life Sciences,54,1.54 Molecular & Cell Biology - Genetics,100,1.54.100 DNA Methylation
1,1 Clinical & Life Sciences,54,1.54 Molecular & Cell Biology - Genetics,469,1.54.469 Splicing
1,1 Clinical & Life Sciences,54,1.54 Molecular & Cell Biology - Genetics,629,1.54.629 Synthetic Biology
1,1 Clinical & Life Sciences,54,1.54 Molecular & Cell Biology - Genetics,958,1.54.958 HMGB1
1,1 Clinical & Life Sciences,54,1.54 Molecular & Cell Biology - Genetics,1122,1.54.1122 Transposable Elements
1,1 Clinical & Life Sciences,54,1.54 Molecular & Cell Biology - Genetics,1401,1.54.1401 Genome Editing
1,1 Clinical & Life Sciences,54,1.54 Molecular & Cell Biology - Genetics,1454,1.54.1454 Reference Genes
1,1 Clinical & Life Sciences,54,1.54 Molecular & Cell Biology - Genetics,1543,1.54.1543 RNA-Seq
1,1 Clinical & Life Sciences,54,1.54 Molecular & Cell Biology - Genetics,1546,1.54.1546 Nuclear Envelope
1,1 Clinical & Life Sciences,54,1.54 Molecular & Cell Biology - Genetics,1935,1.54.1935 Codon Usage
1,1 Clinical & Life Sciences,54,1.54 Molecular & Cell Biology - Genetics,2447,1.54.2447 Bromodomains
1,1 Clinical & Life Sciences,55,1.55 Urology & Nephrology - General,197,1.55.197 Hypertension
1,1 Clinical & Life Sciences,55,1.55 Urology & Nephrology - General,252,1.55.252 Angiotensin Ii
1,1 Clinical & Life Sciences,55,1.55 Urology & Nephrology - General,299,1.55.299 Peritoneal Dialysis
1,1 Clinical & Life Sciences,55,1.55 Urology & Nephrology - General,352,1.55.352 Chronic Kidney Disease
1,1 Clinical & Life Sciences,55,1.55 Urology & Nephrology - General,820,1.55.820 IgA Nephropathy
1,1 Clinical & Life Sciences,55,1.55 Urology & Nephrology - General,830,1.55.830 Acute Kidney Injury
1,1 Clinical & Life Sciences,55,1.55 Urology & Nephrology - General,860,1.55.860 Arterial Stiffness
1,1 Clinical & Life Sciences,55,1.55 Urology & Nephrology - General,1771,1.55.1771 Salt Intake
1,1 Clinical & Life Sciences,55,1.55 Urology & Nephrology - General,1904,1.55.1904 ACE Gene
1,1 Clinical & Life Sciences,55,1.55 Urology & Nephrology - General,2125,1.55.2125 Diuretic Medication
1,1 Clinical & Life Sciences,55,1.55 Urology & Nephrology - General,2271,1.55.2271 Hyperkalemia
1,1 Clinical & Life Sciences,65,1.65 Allergy,44,1.65.44 Asthma
1,1 Clinical & Life Sciences,65,1.65 Allergy,192,1.65.192 COPD
1,1 Clinical & Life Sciences,65,1.65 Allergy,264,1.65.264 Food Allergy
1,1 Clinical & Life Sciences,65,1.65 Allergy,936,1.65.936 Mast Cells
1,1 Clinical & Life Sciences,65,1.65 Allergy,1091,1.65.1091 Atopic Dermatitis
1,1 Clinical & Life Sciences,65,1.65 Allergy,1177,1.65.1177 Eosinophilic Esophagitis
1,1 Clinical & Life Sciences,65,1.65 Allergy,1279,1.65.1279 Chronic Urticaria
1,1 Clinical & Life Sciences,65,1.65 Allergy,1361,1.65.1361 Bioaerosols
1,1 Clinical & Life Sciences,65,1.65 Allergy,1580,1.65.1580 Occupational Asthma
1,1 Clinical & Life Sciences,66,1.66 HIV,11,1.66.11 HIV Prevalence & Prophylaxis
1,1 Clinical & Life Sciences,66,1.66 HIV,46,1.66.46 HIV-1
1,1 Clinical & Life Sciences,66,1.66 HIV,762,1.66.762 Nucleosides
1,1 Clinical & Life Sciences,66,1.66 HIV,1243,1.66.1243 Integrase
1,1 Clinical & Life Sciences,66,1.66 HIV,1372,1.66.1372 Lipodystrophy
1,1 Clinical & Life Sciences,66,1.66 HIV,1464,1.66.1464 HTLV-1
1,1 Clinical & Life Sciences,66,1.66 HIV,1615,1.66.1615 Aids Dementia Complex
1,1 Clinical & Life Sciences,66,1.66 HIV,1769,1.66.1769 Pneumocystis-Carinii Pneumonia
1,1 Clinical & Life Sciences,66,1.66 HIV,1773,1.66.1773 Needlestick Injuries
1,1 Clinical & Life Sciences,66,1.66 HIV,2390,1.66.2390 Microbicides
1,1 Clinical & Life Sciences,68,1.68 Lipids,69,1.68.69 HDL
1,1 Clinical & Life Sciences,68,1.68 Lipids,236,1.68.236 Statins
1,1 Clinical & Life Sciences,68,1.68 Lipids,256,1.68.256 Docosahexaenoic Acid
1,1 Clinical & Life Sciences,68,1.68 Lipids,621,1.68.621 Virgin Olive Oil
1,1 Clinical & Life Sciences,68,1.68 Lipids,707,1.68.707 Alpha-Tocopherol
1,1 Clinical & Life Sciences,68,1.68 Lipids,1167,1.68.1167 Lipid Droplets
1,1 Clinical & Life Sciences,68,1.68 Lipids,1273,1.68.1273 Smith-Lemli-Opitz Syndrome
1,1 Clinical & Life Sciences,68,1.68 Lipids,1758,1.68.1758 Cocoa Butter
1,1 Clinical & Life Sciences,71,1.71 Cardiology - Circulation,193,1.71.193 Acute Myocardial Infarction
1,1 Clinical & Life Sciences,71,1.71 Cardiology - Circulation,242,1.71.242 Percutaneous Coronary Intervention
1,1 Clinical & Life Sciences,71,1.71 Cardiology - Circulation,403,1.71.403 Reperfusion
1,1 Clinical & Life Sciences,71,1.71 Cardiology - Circulation,445,1.71.445 Myocardial Perfusion Imaging
1,1 Clinical & Life Sciences,71,1.71 Cardiology - Circulation,1169,1.71.1169 Hypertension Medicines
1,1 Clinical & Life Sciences,71,1.71 Cardiology - Circulation,1366,1.71.1366 Fasting
1,1 Clinical & Life Sciences,71,1.71 Cardiology - Circulation,1425,1.71.1425 Coronary CT Angiography
1,1 Clinical & Life Sciences,71,1.71 Cardiology - Circulation,1426,1.71.1426 Cardiac Repair
1,1 Clinical & Life Sciences,71,1.71 Cardiology - Circulation,1836,1.71.1836 Noncardiac Surgery
1,1 Clinical & Life Sciences,71,1.71 Cardiology - Circulation,1863,1.71.1863 Takotsubo Cardiomyopathy
1,1 Clinical & Life Sciences,71,1.71 Cardiology - Circulation,2048,1.71.2048 Mean Platelet Volume
1,1 Clinical & Life Sciences,72,1.72 Obstetrics & Gynecology,182,1.72.182 Gestational Diabetes Mellitus
1,1 Clinical & Life Sciences,72,1.72 Obstetrics & Gynecology,531,1.72.531 Preeclampsia
1,1 Clinical & Life Sciences,72,1.72 Obstetrics & Gynecology,748,1.72.748 Preterm Infants
1,1 Clinical & Life Sciences,72,1.72 Obstetrics & Gynecology,808,1.72.808 Breech Presentation
1,1 Clinical & Life Sciences,72,1.72 Obstetrics & Gynecology,891,1.72.891 Breastfeeding
1,1 Clinical & Life Sciences,72,1.72 Obstetrics & Gynecology,922,1.72.922 Fetal Heart Rate
1,1 Clinical & Life Sciences,72,1.72 Obstetrics & Gynecology,924,1.72.924 Preterm Labor
1,1 Clinical & Life Sciences,72,1.72 Obstetrics & Gynecology,1072,1.72.1072 Postpartum Depression
1,1 Clinical & Life Sciences,72,1.72 Obstetrics & Gynecology,1710,1.72.1710 Postpartum Hemorrhage
1,1 Clinical & Life Sciences,72,1.72 Obstetrics & Gynecology,1732,1.72.1732 Patent Ductus Arteriosus
1,1 Clinical & Life Sciences,72,1.72 Obstetrics & Gynecology,1745,1.72.1745 Hyperemesis Gravidarum
1,1 Clinical & Life Sciences,75,1.75 Blood Clotting,271,1.75.271 Pulmonary Embolism
1,1 Clinical & Life Sciences,75,1.75 Blood Clotting,324,1.75.324 Transfusion
1,1 Clinical & Life Sciences,75,1.75 Blood Clotting,326,1.75.326 Antiphospholipid Syndrome
1,1 Clinical & Life Sciences,75,1.75 Blood Clotting,619,1.75.619 Haemophilia
1,1 Clinical & Life Sciences,75,1.75 Blood Clotting,966,1.75.966 PAI-1
1,1 Clinical & Life Sciences,75,1.75 Blood Clotting,1409,1.75.1409 Hereditary Angioedema
1,1 Clinical & Life Sciences,75,1.75 Blood Clotting,1434,1.75.1434 Tissue Factor
1,1 Clinical & Life Sciences,75,1.75 Blood Clotting,1493,1.75.1493 Alpha-1-Antitrypsin
1,1 Clinical & Life Sciences,75,1.75 Blood Clotting,1764,1.75.1764 Transglutaminase
1,1 Clinical & Life Sciences,75,1.75 Blood Clotting,2119,1.75.2119 Heparin-Induced Thrombocytopenia
1,1 Clinical & Life Sciences,79,1.79 Molecular & Cell Biology - Physiology,239,1.79.239 Potassium Channel
1,1 Clinical & Life Sciences,79,1.79 Molecular & Cell Biology - Physiology,411,1.79.411 ENaC
1,1 Clinical & Life Sciences,79,1.79 Molecular & Cell Biology - Physiology,643,1.79.643 Inositol 1
1,1 Clinical & Life Sciences,79,1.79 Molecular & Cell Biology - Physiology,682,1.79.682 Sarcoplasmic Reticulum
1,1 Clinical & Life Sciences,79,1.79 Molecular & Cell Biology - Physiology,874,1.79.874 K-ATPase
1,1 Clinical & Life Sciences,79,1.79 Molecular & Cell Biology - Physiology,1152,1.79.1152 PKC
1,1 Clinical & Life Sciences,79,1.79 Molecular & Cell Biology - Physiology,1259,1.79.1259 TRPV1
1,1 Clinical & Life Sciences,79,1.79 Molecular & Cell Biology - Physiology,1696,1.79.1696 Aquaporin
1,1 Clinical & Life Sciences,79,1.79 Molecular & Cell Biology - Physiology,1811,1.79.1811 Myotonic Dystrophy
1,1 Clinical & Life Sciences,80,1.80 Bone Diseases,41,1.80.41 Osteoporosis
1,1 Clinical & Life Sciences,80,1.80 Bone Diseases,279,1.80.279 Vitamin D
1,1 Clinical & Life Sciences,80,1.80 Bone Diseases,348,1.80.348 Primary Hyperparathyroidism
1,1 Clinical & Life Sciences,80,1.80 Bone Diseases,766,1.80.766 Osteoclast
1,1 Clinical & Life Sciences,80,1.80 Bone Diseases,1211,1.80.1211 Bisphosphonates
1,1 Clinical & Life Sciences,80,1.80 Bone Diseases,1530,1.80.1530 Magnesium
1,1 Clinical & Life Sciences,80,1.80 Bone Diseases,2081,1.80.2081 Hypophosphatasia
1,1 Clinical & Life Sciences,81,1.81 Reproductive Biology,176,1.81.176 Spermatozoa
1,1 Clinical & Life Sciences,81,1.81 Reproductive Biology,339,1.81.339 Oocyte
1,1 Clinical & Life Sciences,81,1.81 Reproductive Biology,510,1.81.510 Polycystic Ovary Syndrome
1,1 Clinical & Life Sciences,81,1.81 Reproductive Biology,960,1.81.960 Sertoli Cells
1,1 Clinical & Life Sciences,81,1.81 Reproductive Biology,979,1.81.979 Twin-Twin Transfusion Syndrome
1,1 Clinical & Life Sciences,81,1.81 Reproductive Biology,1272,1.81.1272 HLA-G
1,1 Clinical & Life Sciences,81,1.81 Reproductive Biology,1408,1.81.1408 Fertility Preservation
1,1 Clinical & Life Sciences,81,1.81 Reproductive Biology,1490,1.81.1490 Gestational Trophoblastic Disease
1,1 Clinical & Life Sciences,81,1.81 Reproductive Biology,2160,1.81.2160 Freeze Concentration
1,1 Clinical & Life Sciences,81,1.81 Reproductive Biology,2290,1.81.2290 Vasectomy
1,1 Clinical & Life Sciences,82,1.82 Gait & Posture,263,1.82.263 Falls
1,1 Clinical & Life Sciences,82,1.82 Gait & Posture,751,1.82.751 Essential Tremor
1,1 Clinical & Life Sciences,82,1.82 Gait & Posture,783,1.82.783 Developmental Coordination Disorder
1,1 Clinical & Life Sciences,82,1.82 Gait & Posture,811,1.82.811 Transcranial Magnetic Stimulation
1,1 Clinical & Life Sciences,82,1.82 Gait & Posture,866,1.82.866 Stroke Rehabilitation
1,1 Clinical & Life Sciences,82,1.82 Gait & Posture,875,1.82.875 Spinal Cord Injury
1,1 Clinical & Life Sciences,82,1.82 Gait & Posture,1066,1.82.1066 Cerebral Palsy
1,1 Clinical & Life Sciences,82,1.82 Gait & Posture,1144,1.82.1144 Retinal Prosthesis
1,1 Clinical & Life Sciences,82,1.82 Gait & Posture,1298,1.82.1298 Spinal Cord Injury Rehabilitation
1,1 Clinical & Life Sciences,94,1.94 Cardiac Arrhythmia,95,1.94.95 Atrial Fibrillation
1,1 Clinical & Life Sciences,94,1.94 Cardiac Arrhythmia,470,1.94.470 Brugada Syndrome
1,1 Clinical & Life Sciences,94,1.94 Cardiac Arrhythmia,582,1.94.582 Ventricular Tachycardia
1,1 Clinical & Life Sciences,94,1.94 Cardiac Arrhythmia,899,1.94.899 Cardiac Resynchronization Therapy
1,1 Clinical & Life Sciences,94,1.94 Cardiac Arrhythmia,1168,1.94.1168 Wolff-Parkinson-White Syndrome
1,1 Clinical & Life Sciences,94,1.94 Cardiac Arrhythmia,1263,1.94.1263 ECG
1,1 Clinical & Life Sciences,94,1.94 Cardiac Arrhythmia,1664,1.94.1664 VKORC1
1,1 Clinical & Life Sciences,95,1.95 Gastrointestinal & Esophageal Diseases,387,1.95.387 Helicobacter Pylori
1,1 Clinical & Life Sciences,95,1.95 Gastrointestinal & Esophageal Diseases,541,1.95.541 Gastroesophageal Reflux Disease
1,1 Clinical & Life Sciences,95,1.95 Gastrointestinal & Esophageal Diseases,723,1.95.723 Irritable Bowel Syndrome
1,1 Clinical & Life Sciences,95,1.95 Gastrointestinal & Esophageal Diseases,756,1.95.756 Esophageal Cancer
1,1 Clinical & Life Sciences,95,1.95 Gastrointestinal & Esophageal Diseases,768,1.95.768 Gastric Cancer
1,1 Clinical & Life Sciences,95,1.95 Gastrointestinal & Esophageal Diseases,801,1.95.801 Cimetidine
1,1 Clinical & Life Sciences,95,1.95 Gastrointestinal & Esophageal Diseases,1477,1.95.1477 Esophageal Atresia
1,1 Clinical & Life Sciences,96,1.96 Cell Biology,224,1.96.224 Integrins
1,1 Clinical & Life Sciences,96,1.96 Cell Biology,302,1.96.302 Exocytosis
1,1 Clinical & Life Sciences,96,1.96 Cell Biology,311,1.96.311 Microtubules
1,1 Clinical & Life Sciences,96,1.96 Cell Biology,492,1.96.492 Myosin
1,1 Clinical & Life Sciences,96,1.96 Cell Biology,1660,1.96.1660 Paramecium
1,1 Clinical & Life Sciences,96,1.96 Cell Biology,1786,1.96.1786 Dictyostelium-Discoideum
1,1 Clinical & Life Sciences,96,1.96 Cell Biology,2209,1.96.2209 Caveolin-1
1,1 Clinical & Life Sciences,96,1.96 Cell Biology,2264,1.96.2264 NM23
1,1 Clinical & Life Sciences,100,1.100 Substance Abuse,180,1.100.180 Methadone
1,1 Clinical & Life Sciences,100,1.100 Substance Abuse,375,1.100.375 Alcohol
1,1 Clinical & Life Sciences,100,1.100 Substance Abuse,625,1.100.625 Cannabinoids
1,1 Clinical & Life Sciences,100,1.100 Substance Abuse,809,1.100.809 MDMA
1,1 Clinical & Life Sciences,100,1.100 Substance Abuse,1013,1.100.1013 Alcoholic Liver Disease
1,1 Clinical & Life Sciences,100,1.100 Substance Abuse,1284,1.100.1284 Fetal Alcohol Syndrome
1,1 Clinical & Life Sciences,100,1.100 Substance Abuse,1893,1.100.1893 Cocaine
1,1 Clinical & Life Sciences,102,1.102 Stem Cell Research,110,1.102.110 Mesenchymal Stem Cells
1,1 Clinical & Life Sciences,102,1.102 Stem Cell Research,170,1.102.170 Angiogenesis
1,1 Clinical & Life Sciences,102,1.102 Stem Cell Research,622,1.102.622 Pluripotency
1,1 Clinical & Life Sciences,102,1.102 Stem Cell Research,996,1.102.996 HIF-1 Alpha
1,1 Clinical & Life Sciences,102,1.102 Stem Cell Research,1150,1.102.1150 Hepatocyte Growth Factor
1,1 Clinical & Life Sciences,102,1.102 Stem Cell Research,1829,1.102.1829 Decellularization
1,1 Clinical & Life Sciences,103,1.103 Blood Disorders,155,1.103.155 Acute Myeloid Leukemia
1,1 Clinical & Life Sciences,103,1.103 Blood Disorders,380,1.103.380 GvHD
1,1 Clinical & Life Sciences,103,1.103 Blood Disorders,606,1.103.606 Hematopoietic Stem Cells
1,1 Clinical & Life Sciences,103,1.103 Blood Disorders,1126,1.103.1126 Chronic Myeloid Leukemia
1,1 Clinical & Life Sciences,103,1.103 Blood Disorders,1225,1.103.1225 ITP
1,1 Clinical & Life Sciences,103,1.103 Blood Disorders,1465,1.103.1465 Essential Thrombocythemia
1,1 Clinical & Life Sciences,103,1.103 Blood Disorders,2027,1.103.2027 Bone Marrow Diseases
1,1 Clinical & Life Sciences,104,1.104 Virology - General,126,1.104.126 Influenza
1,1 Clinical & Life Sciences,104,1.104 Virology - General,568,1.104.568 Measles
1,1 Clinical & Life Sciences,104,1.104 Virology - General,901,1.104.901 Foot-And-Mouth Disease Virus
1,1 Clinical & Life Sciences,104,1.104 Virology - General,975,1.104.975 Respiratory Syncytial Virus
1,1 Clinical & Life Sciences,104,1.104 Virology - General,1353,1.104.1353 Coronavirus
1,1 Clinical & Life Sciences,104,1.104 Virology - General,1770,1.104.1770 Pertussis
1,1 Clinical & Life Sciences,104,1.104 Virology - General,1788,1.104.1788 Parvovirus B19
1,1 Clinical & Life Sciences,104,1.104 Virology - General,1816,1.104.1816 Rabies
1,1 Clinical & Life Sciences,104,1.104 Virology - General,1861,1.104.1861 Infectious Pancreatic Necrosis Virus
1,1 Clinical & Life Sciences,104,1.104 Virology - General,1882,1.104.1882 BVDV
1,1 Clinical & Life Sciences,104,1.104 Virology - General,1933,1.104.1933 PRRSV
1,1 Clinical & Life Sciences,104,1.104 Virology - General,2776,1.104.2776 COVID-19 Pandemic
1,1 Clinical & Life Sciences,104,1.104 Virology - General,2777,1.104.2777 Vaccine Hesitancy
1,1 Clinical & Life Sciences,105,1.105 Strokes,142,1.105.142 Stroke
1,1 Clinical & Life Sciences,105,1.105 Strokes,429,1.105.429 Carotid Endarterectomy
1,1 Clinical & Life Sciences,105,1.105 Strokes,514,1.105.514 Subarachnoid Hemorrhage
1,1 Clinical & Life Sciences,105,1.105 Strokes,1222,1.105.1222 Arteriovenous Malformation
1,1 Clinical & Life Sciences,105,1.105 Strokes,1503,1.105.1503 Cerebral Autoregulation
1,1 Clinical & Life Sciences,105,1.105 Strokes,1645,1.105.1645 Wall Shear Stress
1,1 Clinical & Life Sciences,105,1.105 Strokes,1677,1.105.1677 Vertebral Artery Dissection
1,1 Clinical & Life Sciences,105,1.105 Strokes,2157,1.105.2157 Posterior Reversible Encephalopathy Syndrome
1,1 Clinical & Life Sciences,105,1.105 Strokes,2272,1.105.2272 Moyamoya Disease
1,1 Clinical & Life Sciences,106,1.106 Rheumatology,188,1.106.188 Rheumatoid Arthritis
1,1 Clinical & Life Sciences,106,1.106 Rheumatology,478,1.106.478 Systemic Lupus Erythematosus
1,1 Clinical & Life Sciences,106,1.106 Rheumatology,737,1.106.737 Psoriasis
1,1 Clinical & Life Sciences,106,1.106 Rheumatology,1083,1.106.1083 Systemic Sclerosis
1,1 Clinical & Life Sciences,106,1.106 Rheumatology,1312,1.106.1312 Ankylosing Spondylitis
1,1 Clinical & Life Sciences,106,1.106 Rheumatology,1420,1.106.1420 Sjogren's Syndrome
1,1 Clinical & Life Sciences,106,1.106 Rheumatology,1646,1.106.1646 Juvenile Idiopathic Arthritis
1,1 Clinical & Life Sciences,106,1.106 Rheumatology,1684,1.106.1684 Dermatomyositis
1,1 Clinical & Life Sciences,108,1.108 Molecular & Cell Biology - Cancer & Development,207,1.108.207 Neural Crest
1,1 Clinical & Life Sciences,108,1.108 Molecular & Cell Biology - Cancer & Development,579,1.108.579 Drosophila
1,1 Clinical & Life Sciences,108,1.108 Molecular & Cell Biology - Cancer & Development,591,1.108.591 Cancer Stem Cells
1,1 Clinical & Life Sciences,108,1.108 Molecular & Cell Biology - Cancer & Development,757,1.108.757 Beta-Catenin
1,1 Clinical & Life Sciences,108,1.108 Molecular & Cell Biology - Cancer & Development,1327,1.108.1327 Autosomal Dominant Polycystic Kidney Disease
1,1 Clinical & Life Sciences,108,1.108 Molecular & Cell Biology - Cancer & Development,1819,1.108.1819 Wilms Tumor
1,1 Clinical & Life Sciences,108,1.108 Molecular & Cell Biology - Cancer & Development,1856,1.108.1856 Hedgehog
1,1 Clinical & Life Sciences,108,1.108 Molecular & Cell Biology - Cancer & Development,1986,1.108.1986 NCAM
1,1 Clinical & Life Sciences,108,1.108 Molecular & Cell Biology - Cancer & Development,2215,1.108.2215 Hippo Pathway
1,1 Clinical & Life Sciences,108,1.108 Molecular & Cell Biology - Cancer & Development,2306,1.108.2306 Zebrafish
1,1 Clinical & Life Sciences,111,1.111 Liver & Colon Cancer,162,1.111.162 Hepatocellular Carcinoma
1,1 Clinical & Life Sciences,111,1.111 Liver & Colon Cancer,438,1.111.438 Rectal Cancer
1,1 Clinical & Life Sciences,111,1.111 Liver & Colon Cancer,551,1.111.551 Colonoscopy
1,1 Clinical & Life Sciences,111,1.111 Liver & Colon Cancer,557,1.111.557 Metastatic Colorectal Cancer
1,1 Clinical & Life Sciences,111,1.111 Liver & Colon Cancer,1044,1.111.1044 Microsatellite Instability
1,1 Clinical & Life Sciences,111,1.111 Liver & Colon Cancer,2107,1.111.2107 Diverticulitis
1,1 Clinical & Life Sciences,112,1.112 Palliative Care,161,1.112.161 Dementia Caregivers
1,1 Clinical & Life Sciences,112,1.112 Palliative Care,237,1.112.237 Palliative Care
1,1 Clinical & Life Sciences,112,1.112 Palliative Care,297,1.112.297 Cancer Survivors
1,1 Clinical & Life Sciences,112,1.112 Palliative Care,1459,1.112.1459 Childhood Cancer
1,1 Clinical & Life Sciences,112,1.112 Palliative Care,1559,1.112.1559 Bereavement
1,1 Clinical & Life Sciences,112,1.112 Palliative Care,1789,1.112.1789 Ageism
1,1 Clinical & Life Sciences,113,1.113 Brain Imaging,292,1.113.292 Parallel Imaging
1,1 Clinical & Life Sciences,113,1.113 Brain Imaging,453,1.113.453 Glioblastoma
1,1 Clinical & Life Sciences,113,1.113 Brain Imaging,460,1.113.460 Diffusion Tensor Imaging
1,1 Clinical & Life Sciences,113,1.113 Brain Imaging,977,1.113.977 Medulloblastoma
1,1 Clinical & Life Sciences,113,1.113 Brain Imaging,1394,1.113.1394 Magnetic Resonance Spectroscopy
1,1 Clinical & Life Sciences,113,1.113 Brain Imaging,1562,1.113.1562 Meningioma
1,1 Clinical & Life Sciences,113,1.113 Brain Imaging,1658,1.113.1658 Nephrogenic Systemic Fibrosis
1,1 Clinical & Life Sciences,113,1.113 Brain Imaging,1726,1.113.1726 Brain Metastases
1,1 Clinical & Life Sciences,117,1.117 Pharmacology & Toxicology,179,1.117.179 Cytochrome P450
1,1 Clinical & Life Sciences,117,1.117 Pharmacology & Toxicology,909,1.117.909 Mutagenicity
1,1 Clinical & Life Sciences,117,1.117 Pharmacology & Toxicology,1000,1.117.1000 Trichloroethylene
1,1 Clinical & Life Sciences,117,1.117 Pharmacology & Toxicology,1158,1.117.1158 Carcinogenicity
1,1 Clinical & Life Sciences,117,1.117 Pharmacology & Toxicology,1232,1.117.1232 GSTM1
1,1 Clinical & Life Sciences,117,1.117 Pharmacology & Toxicology,1309,1.117.1309 Acetaminophen
1,1 Clinical & Life Sciences,117,1.117 Pharmacology & Toxicology,1389,1.117.1389 Bilirubin
1,1 Clinical & Life Sciences,117,1.117 Pharmacology & Toxicology,1877,1.117.1877 Acrylamide
1,1 Clinical & Life Sciences,117,1.117 Pharmacology & Toxicology,1886,1.117.1886 Cancer Drugs
1,1 Clinical & Life Sciences,117,1.117 Pharmacology & Toxicology,2023,1.117.2023 Methanol Poisoning
1,1 Clinical & Life Sciences,117,1.117 Pharmacology & Toxicology,2161,1.117.2161 Eye Irritation
1,1 Clinical & Life Sciences,117,1.117 Pharmacology & Toxicology,2199,1.117.2199 Ifosfamide
1,1 Clinical & Life Sciences,118,"1.118 Soft Tissue, Bone & Nerve Cancers",300,1.118.300 Rhabdomyosarcoma
1,1 Clinical & Life Sciences,118,"1.118 Soft Tissue, Bone & Nerve Cancers",997,1.118.997 Lymphangioma
1,1 Clinical & Life Sciences,118,"1.118 Soft Tissue, Bone & Nerve Cancers",1101,1.118.1101 Adenoid Cystic Carcinoma
1,1 Clinical & Life Sciences,118,"1.118 Soft Tissue, Bone & Nerve Cancers",1130,1.118.1130 Schwannoma
1,1 Clinical & Life Sciences,118,"1.118 Soft Tissue, Bone & Nerve Cancers",1141,1.118.1141 Osteoid Osteoma
1,1 Clinical & Life Sciences,118,"1.118 Soft Tissue, Bone & Nerve Cancers",1488,1.118.1488 Myxoma
1,1 Clinical & Life Sciences,118,"1.118 Soft Tissue, Bone & Nerve Cancers",1520,1.118.1520 Gastrointestinal Stromal Tumor
1,1 Clinical & Life Sciences,118,"1.118 Soft Tissue, Bone & Nerve Cancers",1618,1.118.1618 Solitary Fibrous Tumor
1,1 Clinical & Life Sciences,118,"1.118 Soft Tissue, Bone & Nerve Cancers",1733,1.118.1733 Chordoma
1,1 Clinical & Life Sciences,118,"1.118 Soft Tissue, Bone & Nerve Cancers",1928,1.118.1928 Angiosarcoma
1,1 Clinical & Life Sciences,118,"1.118 Soft Tissue, Bone & Nerve Cancers",2110,1.118.2110 Pigmented Villonodular Synovitis
1,1 Clinical & Life Sciences,118,"1.118 Soft Tissue, Bone & Nerve Cancers",2420,1.118.2420 Granular Cell Tumor
1,1 Clinical & Life Sciences,119,1.119 Breast Cancer Scanning,259,1.119.259 HER2
1,1 Clinical & Life Sciences,119,1.119 Breast Cancer Scanning,454,1.119.454 Breast Cancer Incidence
1,1 Clinical & Life Sciences,119,1.119 Breast Cancer Scanning,574,1.119.574 Lymphedema
1,1 Clinical & Life Sciences,119,1.119 Breast Cancer Scanning,583,1.119.583 Mammography
1,1 Clinical & Life Sciences,119,1.119 Breast Cancer Scanning,1294,1.119.1294 DNA Ploidy
1,1 Clinical & Life Sciences,119,1.119 Breast Cancer Scanning,1955,1.119.1955 Male Breast Cancer
1,1 Clinical & Life Sciences,120,1.120 Inflammatory Bowel Diseases & Infections,139,1.120.139 Ulcerative Colitis
1,1 Clinical & Life Sciences,120,1.120 Inflammatory Bowel Diseases & Infections,267,1.120.267 Lactic Acid Bacteria
1,1 Clinical & Life Sciences,120,1.120 Inflammatory Bowel Diseases & Infections,384,1.120.384 Gut Microbiota
1,1 Clinical & Life Sciences,120,1.120 Inflammatory Bowel Diseases & Infections,1133,1.120.1133 Clostridium Difficile
1,1 Clinical & Life Sciences,120,1.120 Inflammatory Bowel Diseases & Infections,2000,1.120.2000 Inulinase
1,1 Clinical & Life Sciences,125,1.125 Hepatitis,83,1.125.83 HCV
1,1 Clinical & Life Sciences,125,1.125 Hepatitis,275,1.125.275 HBV
1,1 Clinical & Life Sciences,125,1.125 Hepatitis,663,1.125.663 NAFLD
1,1 Clinical & Life Sciences,125,1.125 Hepatitis,1515,1.125.1515 Primary Biliary Cirrhosis
1,1 Clinical & Life Sciences,125,1.125 Hepatitis,1718,1.125.1718 Hepatitis E Virus
1,1 Clinical & Life Sciences,125,1.125 Hepatitis,2355,1.125.2355 Blood Donation
1,1 Clinical & Life Sciences,127,1.127 Molecular & Cell Biology - Pharmacology,87,1.127.87 Nitric Oxide
1,1 Clinical & Life Sciences,127,1.127 Molecular & Cell Biology - Pharmacology,938,1.127.938 NADPH Oxidase
1,1 Clinical & Life Sciences,127,1.127 Molecular & Cell Biology - Pharmacology,973,1.127.973 Thioredoxin
1,1 Clinical & Life Sciences,127,1.127 Molecular & Cell Biology - Pharmacology,1303,1.127.1303 Endothelin
1,1 Clinical & Life Sciences,127,1.127 Molecular & Cell Biology - Pharmacology,1323,1.127.1323 NRF2
1,1 Clinical & Life Sciences,127,1.127 Molecular & Cell Biology - Pharmacology,1469,1.127.1469 Heme Oxygenase
1,1 Clinical & Life Sciences,127,1.127 Molecular & Cell Biology - Pharmacology,1754,1.127.1754 MnSOD
1,1 Clinical & Life Sciences,127,1.127 Molecular & Cell Biology - Pharmacology,1913,1.127.1913 Hydrogen Sulfide
1,1 Clinical & Life Sciences,128,"1.128 Fertility, Endometriosis & Hysterectomy",390,1.128.390 Ovarian Cancer
1,1 Clinical & Life Sciences,128,"1.128 Fertility, Endometriosis & Hysterectomy",482,1.128.482 Contraception
1,1 Clinical & Life Sciences,128,"1.128 Fertility, Endometriosis & Hysterectomy",753,1.128.753 Endometrial Cancer
1,1 Clinical & Life Sciences,128,"1.128 Fertility, Endometriosis & Hysterectomy",1075,1.128.1075 Endometriosis
1,1 Clinical & Life Sciences,128,"1.128 Fertility, Endometriosis & Hysterectomy",1176,1.128.1176 Myomectomy
1,1 Clinical & Life Sciences,128,"1.128 Fertility, Endometriosis & Hysterectomy",1489,1.128.1489 Hysteroscopy
1,1 Clinical & Life Sciences,128,"1.128 Fertility, Endometriosis & Hysterectomy",1521,1.128.1521 Ectopic Pregnancy
1,1 Clinical & Life Sciences,128,"1.128 Fertility, Endometriosis & Hysterectomy",2072,1.128.2072 Premenstrual Syndrome
1,1 Clinical & Life Sciences,129,1.129 Back pain,98,1.129.98 Low Back Pain
1,1 Clinical & Life Sciences,129,1.129 Back pain,175,1.129.175 Intervertebral Disc
1,1 Clinical & Life Sciences,129,1.129 Back pain,795,1.129.795 Cervical Spine
1,1 Clinical & Life Sciences,129,1.129 Back pain,1191,1.129.1191 Fibromyalgia
1,1 Clinical & Life Sciences,129,1.129 Back pain,1565,1.129.1565 Vertebroplasty
1,1 Clinical & Life Sciences,129,1.129 Back pain,2548,1.129.2548 Whole Body Vibration
1,1 Clinical & Life Sciences,130,1.130 Lymphomas,132,1.130.132 Lymphoma
1,1 Clinical & Life Sciences,130,1.130 Lymphomas,617,1.130.617 Multiple Myeloma
1,1 Clinical & Life Sciences,130,1.130 Lymphomas,916,1.130.916 Epstein-Barr Virus
1,1 Clinical & Life Sciences,130,1.130 Lymphomas,1170,1.130.1170 Chronic Lymphocytic Leukemia
1,1 Clinical & Life Sciences,130,1.130 Lymphomas,1220,1.130.1220 Kaposi
1,1 Clinical & Life Sciences,130,1.130 Lymphomas,1676,1.130.1676 Mycosis Fungoides
1,1 Clinical & Life Sciences,130,1.130 Lymphomas,1990,1.130.1990 Primary Central Nervous System Lymphoma
1,1 Clinical & Life Sciences,130,1.130 Lymphomas,2574,1.130.2574 Kikuchi-Fujimoto Disease
1,1 Clinical & Life Sciences,132,1.132 Extracellular Matrix & Cell Differentiation,306,1.132.306 TGF-Beta
1,1 Clinical & Life Sciences,132,1.132 Extracellular Matrix & Cell Differentiation,759,1.132.759 Matrix Metalloproteinases
1,1 Clinical & Life Sciences,132,1.132 Extracellular Matrix & Cell Differentiation,816,1.132.816 Hyaluronan
1,1 Clinical & Life Sciences,132,1.132 Extracellular Matrix & Cell Differentiation,1065,1.132.1065 Osteogenesis Imperfecta
1,1 Clinical & Life Sciences,132,1.132 Extracellular Matrix & Cell Differentiation,1265,1.132.1265 Craniosynostosis
1,1 Clinical & Life Sciences,132,1.132 Extracellular Matrix & Cell Differentiation,1373,1.132.1373 Alport Syndrome
1,1 Clinical & Life Sciences,132,1.132 Extracellular Matrix & Cell Differentiation,1868,1.132.1868 Osteopontin
1,1 Clinical & Life Sciences,132,1.132 Extracellular Matrix & Cell Differentiation,2231,1.132.2231 Relapsing Polychondritis
1,1 Clinical & Life Sciences,132,1.132 Extracellular Matrix & Cell Differentiation,2267,1.132.2267 Clubfoot
1,1 Clinical & Life Sciences,132,1.132 Extracellular Matrix & Cell Differentiation,2417,1.132.2417 Macrophage Migration Inhibitory Factor
1,1 Clinical & Life Sciences,134,1.134 Trauma & Emergency Surgery,286,1.134.286 Traumatic Brain Injury
1,1 Clinical & Life Sciences,134,1.134 Trauma & Emergency Surgery,600,1.134.600 Cardiopulmonary Resuscitation
1,1 Clinical & Life Sciences,134,1.134 Trauma & Emergency Surgery,764,1.134.764 Injury Severity Score
1,1 Clinical & Life Sciences,134,1.134 Trauma & Emergency Surgery,1531,1.134.1531 Disaster Medicine
1,1 Clinical & Life Sciences,134,1.134 Trauma & Emergency Surgery,1629,1.134.1629 Chronic Subdural Hematoma
1,1 Clinical & Life Sciences,134,1.134 Trauma & Emergency Surgery,1678,1.134.1678 Ocular Trauma
1,1 Clinical & Life Sciences,134,1.134 Trauma & Emergency Surgery,1839,1.134.1839 Gossypiboma
1,1 Clinical & Life Sciences,134,1.134 Trauma & Emergency Surgery,1845,1.134.1845 Blunt Chest Trauma
1,1 Clinical & Life Sciences,134,1.134 Trauma & Emergency Surgery,1924,1.134.1924 S100B
1,1 Clinical & Life Sciences,134,1.134 Trauma & Emergency Surgery,2010,1.134.2010 Virtopsy
1,1 Clinical & Life Sciences,134,1.134 Trauma & Emergency Surgery,2241,1.134.2241 Minimally Conscious State
1,1 Clinical & Life Sciences,134,1.134 Trauma & Emergency Surgery,2371,1.134.2371 Eagle Syndrome
1,1 Clinical & Life Sciences,136,1.136 Autism & Development Disorders,283,1.136.283 Autism
1,1 Clinical & Life Sciences,136,1.136 Autism & Development Disorders,536,1.136.536 Disabilities
1,1 Clinical & Life Sciences,136,1.136 Autism & Development Disorders,641,1.136.641 ADHD
1,1 Clinical & Life Sciences,136,1.136 Autism & Development Disorders,1070,1.136.1070 School Psychology
1,1 Clinical & Life Sciences,136,1.136 Autism & Development Disorders,1289,1.136.1289 Pigeons
1,1 Clinical & Life Sciences,136,1.136 Autism & Development Disorders,1749,1.136.1749 Down Syndrome
1,1 Clinical & Life Sciences,136,1.136 Autism & Development Disorders,1780,1.136.1780 Family Quality Of Life
1,1 Clinical & Life Sciences,136,1.136 Autism & Development Disorders,2030,1.136.2030 Occupational Therapy
1,1 Clinical & Life Sciences,137,1.137 Sleep Science & Circadian Systems,217,1.137.217 Melatonin
1,1 Clinical & Life Sciences,137,1.137 Sleep Science & Circadian Systems,349,1.137.349 Insomnia
1,1 Clinical & Life Sciences,137,1.137 Sleep Science & Circadian Systems,382,1.137.382 Obstructive Sleep Apnea
1,1 Clinical & Life Sciences,137,1.137 Sleep Science & Circadian Systems,868,1.137.868 Narcolepsy
1,1 Clinical & Life Sciences,137,1.137 Sleep Science & Circadian Systems,2136,1.137.2136 Restless Legs Syndrome
1,1 Clinical & Life Sciences,141,1.141 Hormone Therapy,244,1.141.244 Tamoxifen
1,1 Clinical & Life Sciences,141,1.141 Hormone Therapy,407,1.141.407 Acute Promyelocytic Leukemia
1,1 Clinical & Life Sciences,141,1.141 Hormone Therapy,775,1.141.775 Menopause
1,1 Clinical & Life Sciences,141,1.141 Hormone Therapy,1092,1.141.1092 Testosterone
1,1 Clinical & Life Sciences,141,1.141 Hormone Therapy,1367,1.141.1367 Isoflavones
1,1 Clinical & Life Sciences,141,1.141 Hormone Therapy,1785,1.141.1785 Clenbuterol
1,1 Clinical & Life Sciences,142,1.142 Urology,165,1.142.165 Urinary Incontinence
1,1 Clinical & Life Sciences,142,1.142 Urology,484,1.142.484 Erectile Dysfunction
1,1 Clinical & Life Sciences,142,1.142 Urology,832,1.142.832 Fecal Incontinence
1,1 Clinical & Life Sciences,142,1.142 Urology,1313,1.142.1313 Benign Prostatic Hyperplasia
1,1 Clinical & Life Sciences,142,1.142 Urology,1628,1.142.1628 Urinary Diversion
1,1 Clinical & Life Sciences,142,1.142 Urology,1805,1.142.1805 Hypospadias
1,1 Clinical & Life Sciences,142,1.142 Urology,2089,1.142.2089 Chronic Prostatitis
1,1 Clinical & Life Sciences,142,1.142 Urology,2404,1.142.2404 Female Genital Mutilation
1,1 Clinical & Life Sciences,147,1.147 Prostate Cancer,97,1.147.97 Prostate Cancer
1,1 Clinical & Life Sciences,147,1.147 Prostate Cancer,289,1.147.289 IMRT
1,1 Clinical & Life Sciences,147,1.147 Prostate Cancer,859,1.147.859 Androgen Receptor
1,1 Clinical & Life Sciences,147,1.147 Prostate Cancer,1297,1.147.1297 Proton Therapy
1,1 Clinical & Life Sciences,147,1.147 Prostate Cancer,2469,1.147.2469 DEK Expression
1,1 Clinical & Life Sciences,148,1.148 Medical Mycology,94,1.148.94 Candida Albicans
1,1 Clinical & Life Sciences,148,1.148 Medical Mycology,240,1.148.240 Saccharomyces Cerevisiae
1,1 Clinical & Life Sciences,148,1.148 Medical Mycology,931,1.148.931 Cryptococcus Neoformans
1,1 Clinical & Life Sciences,148,1.148 Medical Mycology,1326,1.148.1326 Onychomycosis
1,1 Clinical & Life Sciences,148,1.148 Medical Mycology,2142,1.148.2142 Smut Fungi
1,1 Clinical & Life Sciences,150,1.150 Hearing Loss,421,1.150.421 Cochlea
1,1 Clinical & Life Sciences,150,1.150 Hearing Loss,427,1.150.427 Cochlear Implant
1,1 Clinical & Life Sciences,150,1.150 Hearing Loss,1148,1.150.1148 Deaf
1,1 Clinical & Life Sciences,150,1.150 Hearing Loss,1187,1.150.1187 Cholesteatoma
1,1 Clinical & Life Sciences,150,1.150 Hearing Loss,1538,1.150.1538 Road Traffic Noise
1,1 Clinical & Life Sciences,150,1.150 Hearing Loss,1556,1.150.1556 Vestibular Schwannoma
1,1 Clinical & Life Sciences,151,1.151 Pancreas & Gall Bladder Disorders,222,1.151.222 Laparoscopic Cholecystectomy
1,1 Clinical & Life Sciences,151,1.151 Pancreas & Gall Bladder Disorders,395,1.151.395 Pancreatic Cancer
1,1 Clinical & Life Sciences,151,1.151 Pancreas & Gall Bladder Disorders,676,1.151.676 Acute Pancreatitis
1,1 Clinical & Life Sciences,151,1.151 Pancreas & Gall Bladder Disorders,760,1.151.760 Bile Acids
1,1 Clinical & Life Sciences,152,1.152 Molecular & Cell Biology - DNA Damage,251,1.152.251 Nucleotide Excision Repair
1,1 Clinical & Life Sciences,152,1.152 Molecular & Cell Biology - DNA Damage,257,1.152.257 DSBs
1,1 Clinical & Life Sciences,152,1.152 Molecular & Cell Biology - DNA Damage,687,1.152.687 Telomerase
1,1 Clinical & Life Sciences,152,1.152 Molecular & Cell Biology - DNA Damage,733,1.152.733 Micronuclei
1,1 Clinical & Life Sciences,154,1.154 Assisted Ventilation,277,1.154.277 Mechanical Ventilation
1,1 Clinical & Life Sciences,154,1.154 Assisted Ventilation,360,1.154.360 Procalcitonin
1,1 Clinical & Life Sciences,154,1.154 Assisted Ventilation,1057,1.154.1057 Pulmonary Surfactant
1,1 Clinical & Life Sciences,154,1.154 Assisted Ventilation,1088,1.154.1088 Intensive Care
1,1 Clinical & Life Sciences,154,1.154 Assisted Ventilation,1403,1.154.1403 Delirium
1,1 Clinical & Life Sciences,154,1.154 Assisted Ventilation,2040,1.154.2040 Pulse Oximetry
1,1 Clinical & Life Sciences,155,1.155 Medical Ethics,598,1.155.598 Informed Consent
1,1 Clinical & Life Sciences,155,1.155 Medical Ethics,611,1.155.611 Evidence Based Medicine
1,1 Clinical & Life Sciences,155,1.155 Medical Ethics,974,1.155.974 Health Technology Assessment
1,1 Clinical & Life Sciences,155,1.155 Medical Ethics,1378,1.155.1378 Uncertainty Theory
1,1 Clinical & Life Sciences,155,1.155 Medical Ethics,1510,1.155.1510 Orphan Drugs
1,1 Clinical & Life Sciences,155,1.155 Medical Ethics,1582,1.155.1582 Conflict Of Interest
1,1 Clinical & Life Sciences,155,1.155 Medical Ethics,2049,1.155.2049 Bioethics
1,1 Clinical & Life Sciences,155,1.155 Medical Ethics,2316,1.155.2316 Systemic Capillary Leak Syndrome
1,1 Clinical & Life Sciences,155,1.155 Medical Ethics,2338,1.155.2338 Off-Label Prescribing
1,1 Clinical & Life Sciences,155,1.155 Medical Ethics,2774,1.155.2774 Artificial Intelligence in Healthcare and Medicine 
1,1 Clinical & Life Sciences,156,1.156 Healthcare Policy,381,1.156.381 Maternal Mortality
1,1 Clinical & Life Sciences,156,1.156 Healthcare Policy,436,1.156.436 Self-Rated Health
1,1 Clinical & Life Sciences,156,1.156 Healthcare Policy,989,1.156.989 Community-Based Participatory Research
1,1 Clinical & Life Sciences,156,1.156 Healthcare Policy,1502,1.156.1502 Indigenous Education
1,1 Clinical & Life Sciences,156,1.156 Healthcare Policy,1509,1.156.1509 Unified Health System
1,1 Clinical & Life Sciences,156,1.156 Healthcare Policy,2047,1.156.2047 Global Surgery
1,1 Clinical & Life Sciences,156,1.156 Healthcare Policy,2068,1.156.2068 Unemployment
1,1 Clinical & Life Sciences,156,1.156 Healthcare Policy,2181,1.156.2181 Public Health Workforce
1,1 Clinical & Life Sciences,156,1.156 Healthcare Policy,2326,1.156.2326 Conflict
1,1 Clinical & Life Sciences,157,1.157 Organ Donation & Transplantation,504,1.157.504 Cyclosporine
1,1 Clinical & Life Sciences,157,1.157 Organ Donation & Transplantation,708,1.157.708 Organ Donation
1,1 Clinical & Life Sciences,157,1.157 Organ Donation & Transplantation,728,1.157.728 Biliary Atresia
1,1 Clinical & Life Sciences,157,1.157 Organ Donation & Transplantation,1089,1.157.1089 Lung Transplantation
1,1 Clinical & Life Sciences,157,1.157 Organ Donation & Transplantation,1540,1.157.1540 Antibody-Mediated Rejection
1,1 Clinical & Life Sciences,157,1.157 Organ Donation & Transplantation,1824,1.157.1824 Cystinosis
1,1 Clinical & Life Sciences,157,1.157 Organ Donation & Transplantation,1939,1.157.1939 Xenotransplantation
1,1 Clinical & Life Sciences,158,1.158 Dermatology - General,201,1.158.201 Melanoma
1,1 Clinical & Life Sciences,158,1.158 Dermatology - General,918,1.158.918 Vitiligo
1,1 Clinical & Life Sciences,158,1.158 Dermatology - General,1254,1.158.1254 Alopecia Areata
1,1 Clinical & Life Sciences,158,1.158 Dermatology - General,1308,1.158.1308 Photoaging
1,1 Clinical & Life Sciences,158,1.158 Dermatology - General,1583,1.158.1583 Pilomatrixoma
1,1 Clinical & Life Sciences,158,1.158 Dermatology - General,1594,1.158.1594 Acne
1,1 Clinical & Life Sciences,158,1.158 Dermatology - General,2035,1.158.2035 Hidradenitis Suppurativa
1,1 Clinical & Life Sciences,158,1.158 Dermatology - General,2138,1.158.2138 Porokeratosis
1,1 Clinical & Life Sciences,158,1.158 Dermatology - General,2389,1.158.2389 Hypertrophic Osteoarthropathy
1,1 Clinical & Life Sciences,159,1.159 Membrane Channels & Receptors,426,1.159.426 Bacteriorhodopsin
1,1 Clinical & Life Sciences,159,1.159 Membrane Channels & Receptors,518,1.159.518 Propranolol
1,1 Clinical & Life Sciences,159,1.159 Membrane Channels & Receptors,576,1.159.576 Adenosine
1,1 Clinical & Life Sciences,159,1.159 Membrane Channels & Receptors,1552,1.159.1552 Purine Nucleoside Phosphorylase
1,1 Clinical & Life Sciences,159,1.159 Membrane Channels & Receptors,1588,1.159.1588 Levosimendan
1,1 Clinical & Life Sciences,159,1.159 Membrane Channels & Receptors,1806,1.159.1806 Histamine
1,1 Clinical & Life Sciences,159,1.159 Membrane Channels & Receptors,2175,1.159.2175 Fenoldopam
1,1 Clinical & Life Sciences,161,1.161 Virology - Identification & Sequencing,315,1.161.315 HSV-1
1,1 Clinical & Life Sciences,161,1.161 Virology - Identification & Sequencing,479,1.161.479 Adenovirus
1,1 Clinical & Life Sciences,161,1.161 Virology - Identification & Sequencing,711,1.161.711 Cytomegalovirus
1,1 Clinical & Life Sciences,161,1.161 Virology - Identification & Sequencing,1385,1.161.1385 Merkel Cell Carcinoma
1,1 Clinical & Life Sciences,161,1.161 Virology - Identification & Sequencing,1662,1.161.1662 Vaccinia Virus
1,1 Clinical & Life Sciences,161,1.161 Virology - Identification & Sequencing,1756,1.161.1756 Infectious Bursal Disease Virus
1,1 Clinical & Life Sciences,163,1.163 Parasitology - General,446,1.163.446 Schistosomiasis
1,1 Clinical & Life Sciences,163,1.163 Parasitology - General,645,1.163.645 Digenea
1,1 Clinical & Life Sciences,163,1.163 Parasitology - General,1022,1.163.1022 Haemonchus Contortus
1,1 Clinical & Life Sciences,163,1.163 Parasitology - General,1106,1.163.1106 Hydatid Cyst
1,1 Clinical & Life Sciences,163,1.163 Parasitology - General,1393,1.163.1393 Onchocerciasis
1,1 Clinical & Life Sciences,163,1.163 Parasitology - General,1943,1.163.1943 Toxocara Canis
1,1 Clinical & Life Sciences,163,1.163 Parasitology - General,2096,1.163.2096 Scabies
1,1 Clinical & Life Sciences,163,1.163 Parasitology - General,2363,1.163.2363 Trichinella Spiralis
1,1 Clinical & Life Sciences,164,1.164 Endocrinology & Metabolism,287,1.164.287 Growth Hormone
1,1 Clinical & Life Sciences,164,1.164 Endocrinology & Metabolism,613,1.164.613 GnRH
1,1 Clinical & Life Sciences,164,1.164 Endocrinology & Metabolism,646,1.164.646 Acromegaly
1,1 Clinical & Life Sciences,164,1.164 Endocrinology & Metabolism,1871,1.164.1871 Menarche
1,1 Clinical & Life Sciences,164,1.164 Endocrinology & Metabolism,1970,1.164.1970 Prolactin
1,1 Clinical & Life Sciences,164,1.164 Endocrinology & Metabolism,2001,1.164.2001 Adrenal Insufficiency
1,1 Clinical & Life Sciences,168,"1.168 Vascular, Cardiac & Thoracic Surgery",235,1.168.235 Abdominal Aortic Aneurysm
1,1 Clinical & Life Sciences,168,"1.168 Vascular, Cardiac & Thoracic Surgery",671,1.168.671 Vascular Access
1,1 Clinical & Life Sciences,168,"1.168 Vascular, Cardiac & Thoracic Surgery",699,1.168.699 Peripheral Arterial Disease
1,1 Clinical & Life Sciences,168,"1.168 Vascular, Cardiac & Thoracic Surgery",1523,1.168.1523 Transradial Approach
1,1 Clinical & Life Sciences,168,"1.168 Vascular, Cardiac & Thoracic Surgery",2053,1.168.2053 Aortoenteric Fistula
1,1 Clinical & Life Sciences,168,"1.168 Vascular, Cardiac & Thoracic Surgery",2095,1.168.2095 Persistent Left Superior Vena Cava
1,1 Clinical & Life Sciences,168,"1.168 Vascular, Cardiac & Thoracic Surgery",2189,1.168.2189 Thoracic Outlet Syndrome
1,1 Clinical & Life Sciences,172,1.172 Sports Science,414,1.172.414 Soccer
1,1 Clinical & Life Sciences,172,1.172 Sports Science,648,1.172.648 Lactate Threshold
1,1 Clinical & Life Sciences,172,1.172 Sports Science,823,1.172.823 Core Temperature
1,1 Clinical & Life Sciences,172,1.172 Sports Science,1331,1.172.1331 Sport Psychology
1,1 Clinical & Life Sciences,172,1.172 Sports Science,1542,1.172.1542 Muscle Damage
1,1 Clinical & Life Sciences,172,1.172 Sports Science,1727,1.172.1727 Acute Mountain Sickness
1,1 Clinical & Life Sciences,172,1.172 Sports Science,2233,1.172.2233 Snowboarding
1,1 Clinical & Life Sciences,173,1.173 Cosmetic Surgery,369,1.173.369 Flap
1,1 Clinical & Life Sciences,173,1.173 Cosmetic Surgery,1059,1.173.1059 Chronic Rhinosinusitis
1,1 Clinical & Life Sciences,173,1.173 Cosmetic Surgery,1322,1.173.1322 Breast Reconstruction
1,1 Clinical & Life Sciences,173,1.173 Cosmetic Surgery,1458,1.173.1458 Blepharoplasty
1,1 Clinical & Life Sciences,173,1.173 Cosmetic Surgery,1640,1.173.1640 Mandibular Fractures
1,1 Clinical & Life Sciences,173,1.173 Cosmetic Surgery,1814,1.173.1814 Rhinoplasty
1,1 Clinical & Life Sciences,173,1.173 Cosmetic Surgery,2018,1.173.2018 Esthesioneuroblastoma
1,1 Clinical & Life Sciences,173,1.173 Cosmetic Surgery,2099,1.173.2099 Otoplasty
1,1 Clinical & Life Sciences,173,1.173 Cosmetic Surgery,2103,1.173.2103 Abdominoplasty
1,1 Clinical & Life Sciences,173,1.173 Cosmetic Surgery,2198,1.173.2198 Dacryocystorhinostomy
1,1 Clinical & Life Sciences,173,1.173 Cosmetic Surgery,2369,1.173.2369 Pectus Excavatum
1,1 Clinical & Life Sciences,175,1.175 Medical Physics,444,1.175.444 Attenuation Correction
1,1 Clinical & Life Sciences,175,1.175 Medical Physics,876,1.175.876 Radiation Dose
1,1 Clinical & Life Sciences,175,1.175 Medical Physics,1151,1.175.1151 Gaseous Detectors
1,1 Clinical & Life Sciences,175,1.175 Medical Physics,1231,1.175.1231 Pacs
1,1 Clinical & Life Sciences,175,1.175 Medical Physics,1347,1.175.1347 Silicon Detectors
1,1 Clinical & Life Sciences,179,1.179 Oncology,108,1.179.108 Human Papillomavirus
1,1 Clinical & Life Sciences,179,1.179 Oncology,377,1.179.377 Head And Neck Cancer
1,1 Clinical & Life Sciences,179,1.179 Oncology,1423,1.179.1423 Oral Lichen Planus
1,1 Clinical & Life Sciences,179,1.179 Oncology,1779,1.179.1779 Circumcision
1,1 Clinical & Life Sciences,179,1.179 Oncology,2434,1.179.2434 Anal Cancer
1,1 Clinical & Life Sciences,181,1.181 Molecular Toxicology,389,1.181.389 Leukotrienes
1,1 Clinical & Life Sciences,181,1.181 Molecular Toxicology,399,1.181.399 COX-2
1,1 Clinical & Life Sciences,181,1.181 Molecular Toxicology,1079,1.181.1079 Venom
1,1 Clinical & Life Sciences,181,1.181 Molecular Toxicology,1737,1.181.1737 Platelet-Activating Factor
1,1 Clinical & Life Sciences,181,1.181 Molecular Toxicology,2003,1.181.2003 Annexins
1,1 Clinical & Life Sciences,181,1.181 Molecular Toxicology,2229,1.181.2229 Scorpion Envenomation
1,1 Clinical & Life Sciences,181,1.181 Molecular Toxicology,2304,1.181.2304 Soluble Epoxide Hydrolase
1,1 Clinical & Life Sciences,184,1.184 Physiology & Metals,573,1.184.573 Iron Overload
1,1 Clinical & Life Sciences,184,1.184 Physiology & Metals,653,1.184.653 Zinc
1,1 Clinical & Life Sciences,184,1.184 Physiology & Metals,1030,1.184.1030 Erythropoietin
1,1 Clinical & Life Sciences,184,1.184 Physiology & Metals,1652,1.184.1652 Wilson Disease
1,1 Clinical & Life Sciences,184,1.184 Physiology & Metals,1956,1.184.1956 Aluminum
1,1 Clinical & Life Sciences,184,1.184 Physiology & Metals,2311,1.184.2311 Lactoferrin
1,1 Clinical & Life Sciences,186,1.186 Chromosome Disorders,670,1.186.670 Chromosomes
1,1 Clinical & Life Sciences,186,1.186 Chromosome Disorders,934,1.186.934 Turner Syndrome
1,1 Clinical & Life Sciences,186,1.186 Chromosome Disorders,948,1.186.948 Digeorge Syndrome
1,1 Clinical & Life Sciences,186,1.186 Chromosome Disorders,1008,1.186.1008 Nuchal Translucency
1,1 Clinical & Life Sciences,186,1.186 Chromosome Disorders,1479,1.186.1479 Rett Syndrome
1,1 Clinical & Life Sciences,186,1.186 Chromosome Disorders,1533,1.186.1533 Prader-Willi Syndrome
1,1 Clinical & Life Sciences,186,1.186 Chromosome Disorders,2401,1.186.2401 Williams Syndrome
1,1 Clinical & Life Sciences,189,1.189 Genome Studies,310,1.189.310 Population Genetics
1,1 Clinical & Life Sciences,189,1.189 Genome Studies,455,1.189.455 Genome-Wide Association Studies
1,1 Clinical & Life Sciences,189,1.189 Genome Studies,597,1.189.597 BRCA1
1,1 Clinical & Life Sciences,189,1.189 Genome Studies,1853,1.189.1853 Haptoglobin
1,1 Clinical & Life Sciences,194,1.194 Tuberculosis & Leprosy,105,1.194.105 Tuberculosis
1,1 Clinical & Life Sciences,194,1.194 Tuberculosis & Leprosy,273,1.194.273 Mycobacterium Tuberculosis
1,1 Clinical & Life Sciences,194,1.194 Tuberculosis & Leprosy,2768,1.194.2768 Leprosy
1,1 Clinical & Life Sciences,195,1.195 Neuroendocrine & Intestinal Disorders,565,1.195.565 Neuroendocrine Tumors
1,1 Clinical & Life Sciences,195,1.195 Neuroendocrine & Intestinal Disorders,578,1.195.578 Adrenomedullin
1,1 Clinical & Life Sciences,195,1.195 Neuroendocrine & Intestinal Disorders,1096,1.195.1096 Cholecystokinin
1,1 Clinical & Life Sciences,195,1.195 Neuroendocrine & Intestinal Disorders,1341,1.195.1341 Enteric Nervous System
1,1 Clinical & Life Sciences,195,1.195 Neuroendocrine & Intestinal Disorders,1865,1.195.1865 Neurotensin
1,1 Clinical & Life Sciences,195,1.195 Neuroendocrine & Intestinal Disorders,2005,1.195.2005 Furin
1,1 Clinical & Life Sciences,196,1.196 Micro & Long Noncoding RNA,68,1.196.68 MicroRNAs
1,1 Clinical & Life Sciences,196,1.196 Micro & Long Noncoding RNA,921,1.196.921 lncRNA
1,1 Clinical & Life Sciences,196,1.196 Micro & Long Noncoding RNA,1475,1.196.1475 Exosomes
1,1 Clinical & Life Sciences,196,1.196 Micro & Long Noncoding RNA,1705,1.196.1705 RNAi
1,1 Clinical & Life Sciences,197,1.197 Molecular & Cell Biology - Mitochondria,564,1.197.564 Mitochondrial DNA
1,1 Clinical & Life Sciences,197,1.197 Molecular & Cell Biology - Mitochondria,957,1.197.957 ATP Synthase
1,1 Clinical & Life Sciences,197,1.197 Molecular & Cell Biology - Mitochondria,1196,1.197.1196 Carnitine
1,1 Clinical & Life Sciences,197,1.197 Molecular & Cell Biology - Mitochondria,1558,1.197.1558 Peroxisomes
1,1 Clinical & Life Sciences,197,1.197 Molecular & Cell Biology - Mitochondria,1797,1.197.1797 Ornithine Transcarbamylase Deficiency
1,1 Clinical & Life Sciences,197,1.197 Molecular & Cell Biology - Mitochondria,2017,1.197.2017 Lipoic Acid
1,1 Clinical & Life Sciences,197,1.197 Molecular & Cell Biology - Mitochondria,2067,1.197.2067 Creatine
1,1 Clinical & Life Sciences,197,1.197 Molecular & Cell Biology - Mitochondria,2139,1.197.2139 Biotin
1,1 Clinical & Life Sciences,197,1.197 Molecular & Cell Biology - Mitochondria,2321,1.197.2321 Coenzyme Q10
1,1 Clinical & Life Sciences,199,1.199 Lung Cancer,425,1.199.425 Lung Cancer
1,1 Clinical & Life Sciences,199,1.199 Lung Cancer,581,1.199.581 NSCLC
1,1 Clinical & Life Sciences,199,1.199 Lung Cancer,1048,1.199.1048 Pleurodesis
1,1 Clinical & Life Sciences,199,1.199 Lung Cancer,1633,1.199.1633 Circulating Tumor Cells
1,1 Clinical & Life Sciences,199,1.199 Lung Cancer,1885,1.199.1885 Small Cell Lung Cancer
1,1 Clinical & Life Sciences,203,1.203 Neuromuscular Disorders,147,1.203.147 Multiple Sclerosis
1,1 Clinical & Life Sciences,203,1.203 Neuromuscular Disorders,1325,1.203.1325 Myasthenia Gravis
1,1 Clinical & Life Sciences,203,1.203 Neuromuscular Disorders,1430,1.203.1430 Oligodendrocyte
1,1 Clinical & Life Sciences,203,1.203 Neuromuscular Disorders,1500,1.203.1500 Guillain-Barre Syndrome
1,1 Clinical & Life Sciences,203,1.203 Neuromuscular Disorders,1602,1.203.1602 Limbic Encephalitis
1,1 Clinical & Life Sciences,204,1.204 Molecular & Cell Biology - Immunotherapy,316,1.204.316 Gangliosides
1,1 Clinical & Life Sciences,204,1.204 Molecular & Cell Biology - Immunotherapy,1095,1.204.1095 Radioimmunotherapy
1,1 Clinical & Life Sciences,204,1.204 Molecular & Cell Biology - Immunotherapy,1334,1.204.1334 Phage Display
1,1 Clinical & Life Sciences,204,1.204 Molecular & Cell Biology - Immunotherapy,1557,1.204.1557 MUC1
1,1 Clinical & Life Sciences,204,1.204 Molecular & Cell Biology - Immunotherapy,1809,1.204.1809 Ricin
1,1 Clinical & Life Sciences,204,1.204 Molecular & Cell Biology - Immunotherapy,1977,1.204.1977 Galectin-3
1,1 Clinical & Life Sciences,204,1.204 Molecular & Cell Biology - Immunotherapy,2409,1.204.2409 O-GlcNAc
1,1 Clinical & Life Sciences,208,1.208 Vasculitis & Autoimmune Disorders,1033,1.208.1033 Vasculitis
1,1 Clinical & Life Sciences,208,1.208 Vasculitis & Autoimmune Disorders,1262,1.208.1262 Idiopathic Pulmonary Fibrosis
1,1 Clinical & Life Sciences,208,1.208 Vasculitis & Autoimmune Disorders,1282,1.208.1282 Sarcoidosis
1,1 Clinical & Life Sciences,208,1.208 Vasculitis & Autoimmune Disorders,1555,1.208.1555 Autoimmune Pancreatitis
1,1 Clinical & Life Sciences,208,1.208 Vasculitis & Autoimmune Disorders,1579,1.208.1579 Giant Cell Arteritis
1,1 Clinical & Life Sciences,208,1.208 Vasculitis & Autoimmune Disorders,1682,1.208.1682 Langerhans Cell Histiocytosis
1,1 Clinical & Life Sciences,208,1.208 Vasculitis & Autoimmune Disorders,1937,1.208.1937 Kawasaki Disease
1,1 Clinical & Life Sciences,208,1.208 Vasculitis & Autoimmune Disorders,1942,1.208.1942 Pyoderma Gangrenosum
1,1 Clinical & Life Sciences,208,1.208 Vasculitis & Autoimmune Disorders,2032,1.208.2032 Pseudoxanthoma Elasticum
1,1 Clinical & Life Sciences,213,1.213 Thyroid Disorders,168,1.213.168 Hypothyroidism
1,1 Clinical & Life Sciences,213,1.213 Thyroid Disorders,319,1.213.319 Thyroid Cancer
1,1 Clinical & Life Sciences,213,1.213 Thyroid Disorders,1999,1.213.1999 Ophthalmopathy
1,1 Clinical & Life Sciences,216,1.216 Abdominal Surgery,1080,1.216.1080 Blunt Abdominal Trauma
1,1 Clinical & Life Sciences,216,1.216 Abdominal Surgery,1172,1.216.1172 Inguinal Hernia
1,1 Clinical & Life Sciences,216,1.216 Abdominal Surgery,1478,1.216.1478 Appendicitis
1,1 Clinical & Life Sciences,216,1.216 Abdominal Surgery,1563,1.216.1563 Volvulus
1,1 Clinical & Life Sciences,216,1.216 Abdominal Surgery,1801,1.216.1801 Natural Orifice Transluminal Endoscopic Surgery
1,1 Clinical & Life Sciences,216,1.216 Abdominal Surgery,1817,1.216.1817 Congenital Diaphragmatic Hernia
1,1 Clinical & Life Sciences,216,1.216 Abdominal Surgery,1873,1.216.1873 Abdominal Compartment Syndrome
1,1 Clinical & Life Sciences,216,1.216 Abdominal Surgery,1996,1.216.1996 Pneumomediastinum
1,1 Clinical & Life Sciences,216,1.216 Abdominal Surgery,2098,1.216.2098 Intussusception
1,1 Clinical & Life Sciences,216,1.216 Abdominal Surgery,2287,1.216.2287 Gastroschisis
1,1 Clinical & Life Sciences,217,"1.217 Parasitology - Malaria, Toxoplasmosis & Coccidiosis",59,1.217.59 Malaria
1,1 Clinical & Life Sciences,217,"1.217 Parasitology - Malaria, Toxoplasmosis & Coccidiosis",1038,1.217.1038 Toxoplasma Gondii
1,1 Clinical & Life Sciences,217,"1.217 Parasitology - Malaria, Toxoplasmosis & Coccidiosis",1890,1.217.1890 Coccidiosis
1,1 Clinical & Life Sciences,218,1.218 Autonomic Regulation,642,1.218.642 Heart Rate Variability
1,1 Clinical & Life Sciences,218,1.218 Autonomic Regulation,658,1.218.658 Carotid Body
1,1 Clinical & Life Sciences,218,1.218 Autonomic Regulation,933,1.218.933 Cardiac Rehabilitation
1,1 Clinical & Life Sciences,218,1.218 Autonomic Regulation,1703,1.218.1703 Syncope
1,1 Clinical & Life Sciences,219,1.219 Cancer Drugs,638,1.219.638 P-Glycoprotein
1,1 Clinical & Life Sciences,219,1.219 Cancer Drugs,1208,1.219.1208 Paclitaxel
1,1 Clinical & Life Sciences,219,1.219 Cancer Drugs,1342,1.219.1342 Cardiotoxicity
1,1 Clinical & Life Sciences,219,1.219 Cancer Drugs,1351,1.219.1351 Topoisomerase
1,1 Clinical & Life Sciences,219,1.219 Cancer Drugs,1527,1.219.1527 Naphthoquinones
1,1 Clinical & Life Sciences,219,1.219 Cancer Drugs,2080,1.219.2080 Salmonella Typhimurium A1-R
1,1 Clinical & Life Sciences,219,1.219 Cancer Drugs,2225,1.219.2225 Combretastatin A-4
1,1 Clinical & Life Sciences,222,1.222 Epilepsy & Seizures,143,1.222.143 Epilepsy
1,1 Clinical & Life Sciences,222,1.222 Epilepsy & Seizures,542,1.222.542 Epilepsy Surgery
1,1 Clinical & Life Sciences,222,1.222 Epilepsy & Seizures,2122,1.222.2122 Conversion Disorder
1,1 Clinical & Life Sciences,225,1.225 Hematologic Diseases,626,1.225.626 Sickle Cell Disease
1,1 Clinical & Life Sciences,225,1.225 Hematologic Diseases,786,1.225.786 Spectrin
1,1 Clinical & Life Sciences,225,1.225 Hematologic Diseases,1098,1.225.1098 Hemoglobin
1,1 Clinical & Life Sciences,225,1.225 Hematologic Diseases,1476,1.225.1476 Alloimmunization
1,1 Clinical & Life Sciences,225,1.225 Hematologic Diseases,2074,1.225.2074 Methemoglobinemia
1,1 Clinical & Life Sciences,228,1.228 Virology - Tropical Diseases,200,1.228.200 Dengue
1,1 Clinical & Life Sciences,228,1.228 Virology - Tropical Diseases,994,1.228.994 Ebola Virus
1,1 Clinical & Life Sciences,228,1.228 Virology - Tropical Diseases,1878,1.228.1878 Disease Mapping
1,1 Clinical & Life Sciences,228,1.228 Virology - Tropical Diseases,1892,1.228.1892 Bluetongue Virus
1,1 Clinical & Life Sciences,228,1.228 Virology - Tropical Diseases,2421,1.228.2421 Veterinary Education
1,1 Clinical & Life Sciences,231,1.231 Vitamin Metabolism,432,1.231.432 Homocysteine
1,1 Clinical & Life Sciences,231,1.231 Vitamin Metabolism,1535,1.231.1535 Methotrexate
1,1 Clinical & Life Sciences,231,1.231 Vitamin Metabolism,1650,1.231.1650 Thiamine
1,1 Clinical & Life Sciences,231,1.231 Vitamin Metabolism,1670,1.231.1670 Phenylketonuria
1,1 Clinical & Life Sciences,231,1.231 Vitamin Metabolism,1870,1.231.1870 Regucalcin
1,1 Clinical & Life Sciences,231,1.231 Vitamin Metabolism,1938,1.231.1938 Kynurenine
1,1 Clinical & Life Sciences,233,1.233 Pelvic & Renal Disorders,501,1.233.501 Renal Cell Carcinoma
1,1 Clinical & Life Sciences,233,1.233 Pelvic & Renal Disorders,690,1.233.690 Bladder Cancer
1,1 Clinical & Life Sciences,233,1.233 Pelvic & Renal Disorders,1787,1.233.1787 Tuberous Sclerosis
1,1 Clinical & Life Sciences,233,1.233 Pelvic & Renal Disorders,1985,1.233.1985 Cutaneous Metastasis
1,1 Clinical & Life Sciences,233,1.233 Pelvic & Renal Disorders,2213,1.233.2213 Urachus
1,1 Clinical & Life Sciences,235,1.235 Throat & Voice Disorders,847,1.235.847 Laryngeal Mask Airway
1,1 Clinical & Life Sciences,235,1.235 Throat & Voice Disorders,1127,1.235.1127 Tracheal Stenosis
1,1 Clinical & Life Sciences,235,1.235 Throat & Voice Disorders,1185,1.235.1185 Voice Disorders
1,1 Clinical & Life Sciences,235,1.235 Throat & Voice Disorders,1617,1.235.1617 Deglutition
1,1 Clinical & Life Sciences,235,1.235 Throat & Voice Disorders,1679,1.235.1679 Foreign Body
1,1 Clinical & Life Sciences,235,1.235 Throat & Voice Disorders,2194,1.235.2194 Stuttering
1,1 Clinical & Life Sciences,236,1.236 Liver Diseases,312,1.236.312 Portal Hypertension
1,1 Clinical & Life Sciences,236,1.236 Liver Diseases,1155,1.236.1155 Capsule Endoscopy
1,1 Clinical & Life Sciences,236,1.236 Liver Diseases,1701,1.236.1701 Acute Mesenteric Ischemia
1,1 Clinical & Life Sciences,236,1.236 Liver Diseases,2051,1.236.2051 Hereditary Hemorrhagic Telangiectasia
1,1 Clinical & Life Sciences,239,1.239 Tissue Barriers,1135,1.239.1135 Bullous Pemphigoid
1,1 Clinical & Life Sciences,239,1.239 Tissue Barriers,1146,1.239.1146 Intermediate Filaments
1,1 Clinical & Life Sciences,239,1.239 Tissue Barriers,1358,1.239.1358 Tight Junction
1,1 Clinical & Life Sciences,239,1.239 Tissue Barriers,1384,1.239.1384 Gap Junction
1,1 Clinical & Life Sciences,239,1.239 Tissue Barriers,1578,1.239.1578 Antigen Retrieval
1,1 Clinical & Life Sciences,243,1.243 Kidney Diseases,519,1.243.519 Urolithiasis
1,1 Clinical & Life Sciences,243,1.243 Kidney Diseases,1012,1.243.1012 Vesicoureteral Reflux
1,1 Clinical & Life Sciences,243,1.243 Kidney Diseases,1424,1.243.1424 Renal Artery Stenosis
1,1 Clinical & Life Sciences,243,1.243 Kidney Diseases,2150,1.243.2150 Rhodococcus Equi
1,1 Clinical & Life Sciences,246,1.246 Diarrheal Diseases,710,1.246.710 Rotavirus
1,1 Clinical & Life Sciences,246,1.246 Diarrheal Diseases,985,1.246.985 Cryptosporidium
1,1 Clinical & Life Sciences,246,1.246 Diarrheal Diseases,1380,1.246.1380 Microbial Source Tracking
1,1 Clinical & Life Sciences,246,1.246 Diarrheal Diseases,1795,1.246.1795 Entamoeba Histolytica
1,1 Clinical & Life Sciences,247,1.247 Migraines & Headaches,461,1.247.461 Migraine
1,1 Clinical & Life Sciences,247,1.247 Migraines & Headaches,1001,1.247.1001 Dystonia
1,1 Clinical & Life Sciences,247,1.247 Migraines & Headaches,1907,1.247.1907 Trigeminal Neuralgia
1,1 Clinical & Life Sciences,247,1.247 Migraines & Headaches,2375,1.247.2375 Hyperhidrosis
1,1 Clinical & Life Sciences,248,1.248 Sexually Transmitted Infections,655,1.248.655 Chlamydia Trachomatis
1,1 Clinical & Life Sciences,248,1.248 Sexually Transmitted Infections,1317,1.248.1317 Mycoplasma
1,1 Clinical & Life Sciences,248,1.248 Sexually Transmitted Infections,1656,1.248.1656 Pasteurella Multocida
1,1 Clinical & Life Sciences,248,1.248 Sexually Transmitted Infections,1683,1.248.1683 Syphilis
1,1 Clinical & Life Sciences,248,1.248 Sexually Transmitted Infections,2104,1.248.2104 Trichomonas Vaginalis
1,1 Clinical & Life Sciences,248,1.248 Sexually Transmitted Infections,2445,1.248.2445 Lawsonia Intracellularis
1,1 Clinical & Life Sciences,249,1.249 Digestive System Disorders,1112,1.249.1112 Celiac Disease
1,1 Clinical & Life Sciences,249,1.249 Digestive System Disorders,1227,1.249.1227 Glutamine
1,1 Clinical & Life Sciences,249,1.249 Digestive System Disorders,1374,1.249.1374 Enteral Nutrition
1,1 Clinical & Life Sciences,249,1.249 Digestive System Disorders,1631,1.249.1631 Lactose Intolerance
1,1 Clinical & Life Sciences,249,1.249 Digestive System Disorders,1734,1.249.1734 Short Bowel Syndrome
1,1 Clinical & Life Sciences,252,1.252 Smoking Cessation,74,1.252.74 Smoking Cessation
1,1 Clinical & Life Sciences,253,1.253 Nerve Disorders,1100,1.253.1100 Carpal Tunnel Syndrome
1,1 Clinical & Life Sciences,253,1.253 Nerve Disorders,1134,1.253.1134 Nerve Regeneration
1,1 Clinical & Life Sciences,253,1.253 Nerve Disorders,1411,1.253.1411 Aldose Reductase
1,1 Clinical & Life Sciences,253,1.253 Nerve Disorders,1927,1.253.1927 Compartment Syndrome
1,1 Clinical & Life Sciences,253,1.253 Nerve Disorders,1972,1.253.1972 Charcot-Marie-Tooth Disease
1,1 Clinical & Life Sciences,254,1.254 Ultrasound in Medicine,907,1.254.907 Elastography
1,1 Clinical & Life Sciences,254,1.254 Ultrasound in Medicine,976,1.254.976 Microbubbles
1,1 Clinical & Life Sciences,254,1.254 Ultrasound in Medicine,1031,1.254.1031 Hyperthermia Treatment
1,1 Clinical & Life Sciences,255,1.255 Musculoskeletal Disorders,628,1.255.628 Duchenne Muscular Dystrophy
1,1 Clinical & Life Sciences,255,1.255 Musculoskeletal Disorders,1081,1.255.1081 Spaceflight
1,1 Clinical & Life Sciences,255,1.255 Musculoskeletal Disorders,1761,1.255.1761 Myostatin
1,1 Clinical & Life Sciences,255,1.255 Musculoskeletal Disorders,2204,1.255.2204 Spinal Muscular Atrophy
1,1 Clinical & Life Sciences,257,1.257 Birth defects,983,1.257.983 Hydrocephalus
1,1 Clinical & Life Sciences,257,1.257 Birth defects,1449,1.257.1449 Syringomyelia
1,1 Clinical & Life Sciences,257,1.257 Birth defects,1688,1.257.1688 Bronchogenic Cyst
1,1 Clinical & Life Sciences,257,1.257 Birth defects,1826,1.257.1826 Dermoid Cyst
1,1 Clinical & Life Sciences,257,1.257 Birth defects,2071,1.257.2071 Chylothorax
1,1 Clinical & Life Sciences,257,1.257 Birth defects,2442,1.257.2442 Conjoined Twins
1,1 Clinical & Life Sciences,257,1.257 Birth defects,2775,1.257.2775 Spontaneous Intracranial Hypotension
1,1 Clinical & Life Sciences,258,1.258 Zoonotic Diseases,227,1.258.227 Lyme Disease
1,1 Clinical & Life Sciences,258,1.258 Zoonotic Diseases,1666,1.258.1666 Brucellosis
1,1 Clinical & Life Sciences,258,1.258 Zoonotic Diseases,1958,1.258.1958 Leptospirosis
1,1 Clinical & Life Sciences,258,1.258 Zoonotic Diseases,2263,1.258.2263 Coxiella Burnetii
1,1 Clinical & Life Sciences,261,1.261 Parasitology - Trypanosoma & Leishmania,596,1.261.596 Trypanosoma Cruzi
1,1 Clinical & Life Sciences,261,1.261 Parasitology - Trypanosoma & Leishmania,695,1.261.695 Visceral Leishmaniasis
1,1 Clinical & Life Sciences,264,1.264 Longevity,618,1.264.618 Caenorhabditis Elegans
1,1 Clinical & Life Sciences,264,1.264 Longevity,1102,1.264.1102 Resveratrol
1,1 Clinical & Life Sciences,264,1.264 Longevity,2378,1.264.2378 Longevity Risk
1,1 Clinical & Life Sciences,265,1.265 Dermatology - Skin Allergies,939,1.265.939 Allergic Contact Dermatitis
1,1 Clinical & Life Sciences,265,1.265 Dermatology - Skin Allergies,1140,1.265.1140 Toxic Epidermal Necrolysis
1,1 Clinical & Life Sciences,265,1.265 Dermatology - Skin Allergies,1963,1.265.1963 Latex Allergy
1,1 Clinical & Life Sciences,265,1.265 Dermatology - Skin Allergies,2004,1.265.2004 Iopamidol
1,1 Clinical & Life Sciences,266,1.266 Wounds & Ulcers,1023,1.266.1023 Burns
1,1 Clinical & Life Sciences,266,1.266 Wounds & Ulcers,1068,1.266.1068 Pressure Ulcer
1,1 Clinical & Life Sciences,266,1.266 Wounds & Ulcers,1444,1.266.1444 Varicose Veins
1,1 Clinical & Life Sciences,271,1.271 Lysosomal Storage Disorders,673,1.271.673 Enzyme Replacement Therapy
1,1 Clinical & Life Sciences,271,1.271 Lysosomal Storage Disorders,1194,1.271.1194 Ceramide
1,1 Clinical & Life Sciences,271,1.271 Lysosomal Storage Disorders,2265,1.271.2265 Lafora Disease
1,1 Clinical & Life Sciences,273,1.273 Health Literacy & Telemedicine,870,1.273.870 Health Literacy
1,1 Clinical & Life Sciences,273,1.273 Health Literacy & Telemedicine,1447,1.273.1447 Telemedicine
1,1 Clinical & Life Sciences,273,1.273 Health Literacy & Telemedicine,1608,1.273.1608 Web Surveys
1,1 Clinical & Life Sciences,278,1.278 Adrenal Disorders,802,1.278.802 Pheochromocytoma
1,1 Clinical & Life Sciences,278,1.278 Adrenal Disorders,1537,1.278.1537 Congenital Adrenal Hyperplasia
1,1 Clinical & Life Sciences,278,1.278 Adrenal Disorders,1796,1.278.1796 Neuroblastoma
1,1 Clinical & Life Sciences,281,1.281 Auto-inflammatory Diseases,1192,1.281.1192 Gout
1,1 Clinical & Life Sciences,281,1.281 Auto-inflammatory Diseases,1236,1.281.1236 Amyloidosis
1,1 Clinical & Life Sciences,281,1.281 Auto-inflammatory Diseases,1992,1.281.1992 Familial Mediterranean Fever
1,1 Clinical & Life Sciences,285,1.285 Cystic Fibrosis,529,1.285.529 Cystic Fibrosis
1,1 Clinical & Life Sciences,286,1.286 Immunology & Hematology,845,1.286.845 Complement
1,1 Clinical & Life Sciences,286,1.286 Immunology & Hematology,1746,1.286.1746 Thrombotic Thrombocytopenic Purpura
1,1 Clinical & Life Sciences,287,1.287 Dietary Stimulants,1516,1.287.1516 Caffeine
1,1 Clinical & Life Sciences,287,1.287 Dietary Stimulants,1912,1.287.1912 Theophylline
1,1 Clinical & Life Sciences,287,1.287 Dietary Stimulants,2011,1.287.2011 Lipoid Pneumonia
1,1 Clinical & Life Sciences,287,1.287 Dietary Stimulants,2249,1.287.2249 Taurine
1,1 Clinical & Life Sciences,291,1.291 Testicular Diseases,779,1.291.779 Testicular Cancer
1,1 Clinical & Life Sciences,291,1.291 Testicular Diseases,2382,1.291.2382 Relaxin
1,1 Clinical & Life Sciences,297,1.297 Asbestos & Mesothelioma,780,1.297.780 Asbestos
1,1 Clinical & Life Sciences,304,1.304 Complementary & Alternative Medicine,969,1.304.969 Alternative Medicine
1,1 Clinical & Life Sciences,304,1.304 Complementary & Alternative Medicine,2151,1.304.2151 Pyrrolizidine Alkaloids
1,1 Clinical & Life Sciences,304,1.304 Complementary & Alternative Medicine,2244,1.304.2244 Diterpenoid Alkaloids
1,1 Clinical & Life Sciences,307,1.307 Laboratory Medicine,1039,1.307.1039 Laboratory Medicine
1,1 Clinical & Life Sciences,308,1.308 Radioactive Tracers,1450,1.308.1450 Technetium
1,1 Clinical & Life Sciences,308,1.308 Radioactive Tracers,2112,1.308.2112 Fluorine-18
1,1 Clinical & Life Sciences,313,1.313 History of Medicine,2178,1.313.2178 History of Anatomy
1,1 Clinical & Life Sciences,313,1.313 History of Medicine,2248,1.313.2248 PKAN
1,1 Clinical & Life Sciences,313,1.313 History of Medicine,2433,1.313.2433 History of Neurosurgery
1,1 Clinical & Life Sciences,313,1.313 History of Medicine,2467,1.313.2467 Dupuytren's Disease
1,1 Clinical & Life Sciences,315,"1.315 Laser Surgery, Therapy & Protection",1723,1.315.1723 Low-Level Laser Therapy
1,1 Clinical & Life Sciences,315,"1.315 Laser Surgery, Therapy & Protection",2050,1.315.2050 Electrosurgery
1,1 Clinical & Life Sciences,315,"1.315 Laser Surgery, Therapy & Protection",2381,1.315.2381 Amifostine
1,1 Clinical & Life Sciences,320,1.320 Molecular & Cell Biology - Polyamines & Paraquat,1324,1.320.1324 Polyamines
1,1 Clinical & Life Sciences,320,1.320 Molecular & Cell Biology - Polyamines & Paraquat,2438,1.320.2438 Paraquat
1,1 Clinical & Life Sciences,323,1.323 Legionellosis,1799,1.323.1799 Legionella Pneumophila
1,1 Clinical & Life Sciences,323,1.323 Legionellosis,2288,1.323.2288 High-Level Disinfection
1,1 Clinical & Life Sciences,324,1.324 Bacterial Toxins & Diseases,1987,1.324.1987 Actinomycosis
1,1 Clinical & Life Sciences,324,1.324 Bacterial Toxins & Diseases,2020,1.324.2020 Tetanus
2,2 Chemistry,1,2.1 Synthesis,32,2.1.32 PPh3
2,2 Chemistry,1,2.1 Synthesis,40,2.1.40 Total Synthesis
2,2 Chemistry,1,2.1 Synthesis,66,2.1.66 Cross-Coupling
2,2 Chemistry,1,2.1 Synthesis,122,2.1.122 Asymmetric Catalysis
2,2 Chemistry,1,2.1 Synthesis,171,2.1.171 Multicomponent Reaction
2,2 Chemistry,1,2.1 Synthesis,229,2.1.229 Ethylene Polymerization
2,2 Chemistry,1,2.1 Synthesis,507,2.1.507 Hydroboration
2,2 Chemistry,1,2.1 Synthesis,522,2.1.522 Thioglycosides
2,2 Chemistry,1,2.1 Synthesis,528,2.1.528 Phosphorus Heterocycles
2,2 Chemistry,1,2.1 Synthesis,535,2.1.535 Solid-Phase Synthesis
2,2 Chemistry,1,2.1 Synthesis,549,2.1.549 Chalcones
2,2 Chemistry,1,2.1 Synthesis,824,2.1.824 Solvolysis
2,2 Chemistry,1,2.1 Synthesis,834,2.1.834 Diels-Alder Reactions
2,2 Chemistry,1,2.1 Synthesis,883,2.1.883 Trifluoromethylation
2,2 Chemistry,1,2.1 Synthesis,902,2.1.902 Allenes
2,2 Chemistry,1,2.1 Synthesis,943,2.1.943 Oxidation
2,2 Chemistry,1,2.1 Synthesis,945,2.1.945 Aziridines
2,2 Chemistry,1,2.1 Synthesis,965,2.1.965 Sulfoxides
2,2 Chemistry,1,2.1 Synthesis,1085,2.1.1085 Aromaticity
2,2 Chemistry,1,2.1 Synthesis,1145,2.1.1145 Glycosidase Inhibitors
2,2 Chemistry,1,2.1 Synthesis,1195,2.1.1195 N-Heterocyclic Carbene
2,2 Chemistry,1,2.1 Synthesis,1283,2.1.1283 Dimethyl Carbonate
2,2 Chemistry,1,2.1 Synthesis,1299,2.1.1299 Samarium Diiodide
2,2 Chemistry,1,2.1 Synthesis,1310,2.1.1310 Phase Transfer Catalysis
2,2 Chemistry,1,2.1 Synthesis,1402,2.1.1402 Click Chemistry
2,2 Chemistry,1,2.1 Synthesis,1405,2.1.1405 Benzimidazoles
2,2 Chemistry,1,2.1 Synthesis,1498,2.1.1498 Indole Alkaloids
2,2 Chemistry,1,2.1 Synthesis,1585,2.1.1585 Metalation
2,2 Chemistry,1,2.1 Synthesis,1862,2.1.1862 Quinazolinones
2,2 Chemistry,1,2.1 Synthesis,1874,2.1.1874 Beta-Lactams
2,2 Chemistry,1,2.1 Synthesis,2097,2.1.2097 Indolizines
2,2 Chemistry,1,2.1 Synthesis,2191,2.1.2191 Neocarzinostatin
2,2 Chemistry,1,2.1 Synthesis,2278,2.1.2278 Saturated Heterocycles
2,2 Chemistry,1,2.1 Synthesis,2310,2.1.2310 Dimethyldioxirane
2,2 Chemistry,1,2.1 Synthesis,2313,2.1.2313 Hydantoins
2,2 Chemistry,1,2.1 Synthesis,2364,2.1.2364 Tetrazoles
2,2 Chemistry,1,2.1 Synthesis,2408,2.1.2408 Ritter Reaction
2,2 Chemistry,1,2.1 Synthesis,2412,2.1.2412 NADH Models
2,2 Chemistry,1,2.1 Synthesis,2416,2.1.2416 Prodigiosin
2,2 Chemistry,15,2.15 Physical Chemistry,3,2.15.3 CCSD
2,2 Chemistry,15,2.15 Physical Chemistry,90,2.15.90 Photodissociation
2,2 Chemistry,15,2.15 Physical Chemistry,123,2.15.123 Bulk Modulus
2,2 Chemistry,15,2.15 Physical Chemistry,563,2.15.563 Atomic Data
2,2 Chemistry,15,2.15 Physical Chemistry,647,2.15.647 Clusters
2,2 Chemistry,15,2.15 Physical Chemistry,664,2.15.664 Dissociative Electron Attachment
2,2 Chemistry,15,2.15 Physical Chemistry,727,2.15.727 Wavelength Modulation Spectroscopy
2,2 Chemistry,15,2.15 Physical Chemistry,912,2.15.912 Auger Decay
2,2 Chemistry,15,2.15 Physical Chemistry,1213,2.15.1213 Slater-Type Orbitals
2,2 Chemistry,15,2.15 Physical Chemistry,1549,2.15.1549 Vibrational Dephasing
2,2 Chemistry,15,2.15 Physical Chemistry,1610,2.15.1610 Solid Hydrogen
2,2 Chemistry,15,2.15 Physical Chemistry,2065,2.15.2065 Solvated Electrons
2,2 Chemistry,15,2.15 Physical Chemistry,2216,2.15.2216 Vibrational Circular Dichroism
2,2 Chemistry,22,2.22 Inorganic & Nuclear Chemistry,14,2.22.14 Hydrogen Bonds
2,2 Chemistry,22,2.22 Inorganic & Nuclear Chemistry,233,2.22.233 Complexes
2,2 Chemistry,22,2.22 Inorganic & Nuclear Chemistry,336,2.22.336 Metal-Organic Frameworks
2,2 Chemistry,22,2.22 Inorganic & Nuclear Chemistry,602,2.22.602 Single-Molecule Magnets
2,2 Chemistry,22,2.22 Inorganic & Nuclear Chemistry,798,2.22.798 Cisplatin
2,2 Chemistry,22,2.22 Inorganic & Nuclear Chemistry,1074,2.22.1074 Polyoxometalates
2,2 Chemistry,22,2.22 Inorganic & Nuclear Chemistry,1235,2.22.1235 Organotin
2,2 Chemistry,22,2.22 Inorganic & Nuclear Chemistry,1258,2.22.1258 Cobalt
2,2 Chemistry,22,2.22 Inorganic & Nuclear Chemistry,1278,2.22.1278 Stability Constants
2,2 Chemistry,22,2.22 Inorganic & Nuclear Chemistry,1421,2.22.1421 Hemocyanin
2,2 Chemistry,22,2.22 Inorganic & Nuclear Chemistry,1495,2.22.1495 Spin Crossover
2,2 Chemistry,22,2.22 Inorganic & Nuclear Chemistry,1600,2.22.1600 Nitronyl Nitroxide
2,2 Chemistry,22,2.22 Inorganic & Nuclear Chemistry,1818,2.22.1818 Halogen Bonding
2,2 Chemistry,22,2.22 Inorganic & Nuclear Chemistry,1834,2.22.1834 Gold
2,2 Chemistry,22,2.22 Inorganic & Nuclear Chemistry,1857,2.22.1857 Vanadium
2,2 Chemistry,22,2.22 Inorganic & Nuclear Chemistry,1989,2.22.1989 Metal Phosphonates
2,2 Chemistry,22,2.22 Inorganic & Nuclear Chemistry,2111,2.22.2111 Urea Inclusion Compounds
2,2 Chemistry,22,2.22 Inorganic & Nuclear Chemistry,2180,2.22.2180 Diruthenium
2,2 Chemistry,39,2.39 Polymer Science,433,2.39.433 Isotactic Polypropylene
2,2 Chemistry,39,2.39 Polymer Science,511,2.39.511 Polymer Melts
2,2 Chemistry,39,2.39 Polymer Science,515,2.39.515 Ring-Opening Polymerization
2,2 Chemistry,39,2.39 Polymer Science,539,2.39.539 Blends
2,2 Chemistry,39,2.39 Polymer Science,540,2.39.540 Flame Retardancy
2,2 Chemistry,39,2.39 Polymer Science,712,2.39.712 Glass Transition
2,2 Chemistry,39,2.39 Polymer Science,806,2.39.806 Polyurethane
2,2 Chemistry,39,2.39 Polymer Science,837,2.39.837 Epoxy Resin
2,2 Chemistry,39,2.39 Polymer Science,903,2.39.903 Polyimides
2,2 Chemistry,39,2.39 Polymer Science,998,2.39.998 PVC
2,2 Chemistry,39,2.39 Polymer Science,1830,2.39.1830 POSS
2,2 Chemistry,39,2.39 Polymer Science,1844,2.39.1844 Injection Molding
2,2 Chemistry,39,2.39 Polymer Science,2197,2.39.2197 Chemical Recycling
2,2 Chemistry,39,2.39 Polymer Science,2283,2.39.2283 Polyphosphazenes
2,2 Chemistry,39,2.39 Polymer Science,2348,2.39.2348 Re-Refining
2,2 Chemistry,41,2.41 Catalysts,25,2.41.25 Co Oxidation
2,2 Chemistry,41,2.41 Catalysts,144,2.41.144 Zeolites
2,2 Chemistry,41,2.41 Catalysts,148,2.41.148 Mesoporous Silica
2,2 Chemistry,41,2.41 Catalysts,366,2.41.366 Selective Catalytic Reduction
2,2 Chemistry,41,2.41 Catalysts,546,2.41.546 Fischer-Tropsch Synthesis
2,2 Chemistry,41,2.41 Catalysts,1257,2.41.1257 5-Hydroxymethylfurfural
2,2 Chemistry,41,2.41 Catalysts,1267,2.41.1267 Hydrodesulfurization
2,2 Chemistry,41,2.41 Catalysts,1712,2.41.1712 Layered Double Hydroxides
2,2 Chemistry,41,2.41 Catalysts,1843,2.41.1843 4-Nitrophenol
2,2 Chemistry,53,2.53 Polymers & Macromolecules,70,2.53.70 Gene Delivery
2,2 Chemistry,53,2.53 Polymers & Macromolecules,266,2.53.266 Radical Polymerization
2,2 Chemistry,53,2.53 Polymers & Macromolecules,371,2.53.371 Hydrogels
2,2 Chemistry,53,2.53 Polymers & Macromolecules,459,2.53.459 Protein Adsorption
2,2 Chemistry,53,2.53 Polymers & Macromolecules,704,2.53.704 Polyelectrolytes
2,2 Chemistry,53,2.53 Polymers & Macromolecules,884,2.53.884 Block Copolymers
2,2 Chemistry,53,2.53 Polymers & Macromolecules,1268,2.53.1268 Film Formation
2,2 Chemistry,53,2.53 Polymers & Macromolecules,1451,2.53.1451 Dendrimers
2,2 Chemistry,53,2.53 Polymers & Macromolecules,1624,2.53.1624 Layer-By-Layer
2,2 Chemistry,53,2.53 Polymers & Macromolecules,1952,2.53.1952 Climbing Robot
2,2 Chemistry,53,2.53 Polymers & Macromolecules,2046,2.53.2046 Pickering Emulsions
2,2 Chemistry,59,"2.59 Pigments, Sensors & Probes",250,2.59.250 Cyclodextrins
2,2 Chemistry,59,"2.59 Pigments, Sensors & Probes",290,2.59.290 bpy
2,2 Chemistry,59,"2.59 Pigments, Sensors & Probes",341,2.59.341 Chemosensor
2,2 Chemistry,59,"2.59 Pigments, Sensors & Probes",350,2.59.350 Porphyrins
2,2 Chemistry,59,"2.59 Pigments, Sensors & Probes",684,2.59.684 Ion-Selective Electrodes
2,2 Chemistry,59,"2.59 Pigments, Sensors & Probes",735,2.59.735 Photodynamic Therapy
2,2 Chemistry,59,"2.59 Pigments, Sensors & Probes",890,2.59.890 ESIPT
2,2 Chemistry,59,"2.59 Pigments, Sensors & Probes",1261,2.59.1261 Self-Assembly
2,2 Chemistry,59,"2.59 Pigments, Sensors & Probes",1668,2.59.1668 J-Aggregates
2,2 Chemistry,59,"2.59 Pigments, Sensors & Probes",2164,2.59.2164 Pressure-Sensitive Paint
2,2 Chemistry,59,"2.59 Pigments, Sensors & Probes",2260,2.59.2260 Boronic Acid
2,2 Chemistry,62,2.62 Electrochemistry,52,2.62.52 Supercapacitor
2,2 Chemistry,62,2.62 Electrochemistry,76,2.62.76 Oxygen Reduction Reaction
2,2 Chemistry,62,2.62 Electrochemistry,138,2.62.138 Lithium-Ion Battery
2,2 Chemistry,62,2.62 Electrochemistry,571,2.62.571 Proton Conductivity
2,2 Chemistry,62,2.62 Electrochemistry,616,2.62.616 Lithium-Sulfur Batteries
2,2 Chemistry,62,2.62 Electrochemistry,1525,2.62.1525 Vanadium Dioxide
2,2 Chemistry,62,2.62 Electrochemistry,1768,2.62.1768 Dealloying
2,2 Chemistry,62,2.62 Electrochemistry,2102,2.62.2102 CO2 Reduction
2,2 Chemistry,67,2.67 Nanoparticles,47,2.67.47 SERS
2,2 Chemistry,67,2.67 Nanoparticles,231,2.67.231 Silver Nanoparticles
2,2 Chemistry,67,2.67 Nanoparticles,301,2.67.301 Quantum Dots
2,2 Chemistry,67,2.67 Nanoparticles,370,2.67.370 Magnetic Nanoparticles
2,2 Chemistry,67,2.67 Nanoparticles,456,2.67.456 Guided Mode Resonance
2,2 Chemistry,67,2.67 Nanoparticles,1457,2.67.1457 Carbon Dots
2,2 Chemistry,67,2.67 Nanoparticles,1931,2.67.1931 Photonic Nanojet
2,2 Chemistry,74,2.74 Photocatalysts,5,2.74.5 Photocatalysis
2,2 Chemistry,74,2.74 Photocatalysts,16,2.74.16 ZnO
2,2 Chemistry,74,2.74 Photocatalysts,740,2.74.740 Dye-Sensitized Solar Cells
2,2 Chemistry,74,2.74 Photocatalysts,1306,2.74.1306 Electrochromism
2,2 Chemistry,74,2.74 Photocatalysts,1823,2.74.1823 Cu2O
2,2 Chemistry,74,2.74 Photocatalysts,2379,2.74.2379 Beta-Ga2O3
2,2 Chemistry,76,2.76 2D Materials,23,2.76.23 Carbon Nanotubes
2,2 Chemistry,76,2.76 2D Materials,39,2.76.39 Graphene
2,2 Chemistry,76,2.76 2D Materials,532,2.76.532 C-60
2,2 Chemistry,76,2.76 2D Materials,544,2.76.544 MoS2
2,2 Chemistry,76,2.76 2D Materials,1524,2.76.1524 Boron Nitride
2,2 Chemistry,76,2.76 2D Materials,2087,2.76.2087 Graphite Intercalation Compounds
2,2 Chemistry,78,2.78 Photoluminescence,53,2.78.53 Phosphors
2,2 Chemistry,78,2.78 Photoluminescence,404,2.78.404 Glasses
2,2 Chemistry,78,2.78 Photoluminescence,773,2.78.773 New Mineral
2,2 Chemistry,78,2.78 Photoluminescence,1086,2.78.1086 Incommensurate Phase
2,2 Chemistry,78,2.78 Photoluminescence,1119,2.78.1119 Thermoluminescence
2,2 Chemistry,78,2.78 Photoluminescence,1223,2.78.1223 Negative Thermal Expansion
2,2 Chemistry,78,2.78 Photoluminescence,1575,2.78.1575 Crystal- And Ligand-Field Theory
2,2 Chemistry,78,2.78 Photoluminescence,1729,2.78.1729 Pyrochlore
2,2 Chemistry,78,2.78 Photoluminescence,1747,2.78.1747 Fluorides
2,2 Chemistry,78,2.78 Photoluminescence,1895,2.78.1895 Powder Diffraction
2,2 Chemistry,78,2.78 Photoluminescence,2159,2.78.2159 Zinc Phosphide
2,2 Chemistry,89,"2.89 Ionic, Molecular & Complex Liquids",72,2.89.72 Vapor-Liquid Equilibria
2,2 Chemistry,89,"2.89 Ionic, Molecular & Complex Liquids",462,2.89.462 Excess Molar Volumes
2,2 Chemistry,89,"2.89 Ionic, Molecular & Complex Liquids",508,2.89.508 Ionic Liquids
2,2 Chemistry,89,"2.89 Ionic, Molecular & Complex Liquids",677,2.89.677 Liquid Water
2,2 Chemistry,89,"2.89 Ionic, Molecular & Complex Liquids",1121,2.89.1121 Supercritical Carbon Dioxide
2,2 Chemistry,89,"2.89 Ionic, Molecular & Complex Liquids",1445,2.89.1445 Reactive Distillation
2,2 Chemistry,89,"2.89 Ionic, Molecular & Complex Liquids",1973,2.89.1973 Field-Flow Fractionation
2,2 Chemistry,89,"2.89 Ionic, Molecular & Complex Liquids",2129,2.89.2129 Enthalpy Of Sublimation
2,2 Chemistry,90,2.90 Water Treatment,27,2.90.27 Adsorption
2,2 Chemistry,90,2.90 Water Treatment,313,2.90.313 Electrocoagulation
2,2 Chemistry,90,2.90 Water Treatment,930,2.90.930 Montmorillonite
2,2 Chemistry,90,2.90 Water Treatment,1053,2.90.1053 Flocculation
2,2 Chemistry,90,2.90 Water Treatment,1277,2.90.1277 Trihalomethanes
2,2 Chemistry,90,2.90 Water Treatment,1332,2.90.1332 Goethite
2,2 Chemistry,90,2.90 Water Treatment,1763,2.90.1763 Hydrodechlorination
2,2 Chemistry,90,2.90 Water Treatment,2239,2.90.2239 Ion Exchange
2,2 Chemistry,114,2.114 Organic Semiconductors,61,2.114.61 Organic Solar Cells
2,2 Chemistry,114,2.114 Organic Semiconductors,199,2.114.199 Polyaniline
2,2 Chemistry,114,2.114 Organic Semiconductors,321,2.114.321 OLEDs
2,2 Chemistry,114,2.114 Organic Semiconductors,914,2.114.914 Stretchable Electronics
2,2 Chemistry,114,2.114 Organic Semiconductors,2242,2.114.2242 Polyacetylenes
2,2 Chemistry,123,"2.123 Protein Stucture, Folding & Modelling",13,2.123.13 Protein Folding
2,2 Chemistry,123,"2.123 Protein Stucture, Folding & Modelling",248,2.123.248 Solid-State NMR
2,2 Chemistry,123,"2.123 Protein Stucture, Folding & Modelling",778,2.123.778 QSAR
2,2 Chemistry,123,"2.123 Protein Stucture, Folding & Modelling",1896,2.123.1896 Carbonic Anhydrase
2,2 Chemistry,123,"2.123 Protein Stucture, Folding & Modelling",2169,2.123.2169 Protein Crystallization
2,2 Chemistry,123,"2.123 Protein Stucture, Folding & Modelling",2214,2.123.2214 Angiogenin
2,2 Chemistry,145,2.145 Biosensors,177,2.145.177 Glucose Oxidase
2,2 Chemistry,145,2.145 Biosensors,243,2.145.243 Aptamer
2,2 Chemistry,145,2.145 Biosensors,561,2.145.561 Anodic Stripping Voltammetry
2,2 Chemistry,145,2.145 Biosensors,1518,2.145.1518 Molecular Imprinting
2,2 Chemistry,145,2.145 Biosensors,1722,2.145.1722 Bioluminescence
2,2 Chemistry,145,2.145 Biosensors,2314,2.145.2314 Neurotropic
2,2 Chemistry,160,2.160 Microfluidic Devices & Superhydrophobicity,174,2.160.174 Microfluidics
2,2 Chemistry,160,2.160 Microfluidic Devices & Superhydrophobicity,365,2.160.365 Superhydrophobic
2,2 Chemistry,160,2.160 Microfluidic Devices & Superhydrophobicity,1219,2.160.1219 Spray Cooling
2,2 Chemistry,160,2.160 Microfluidic Devices & Superhydrophobicity,1541,2.160.1541 Dielectrophoresis
2,2 Chemistry,160,2.160 Microfluidic Devices & Superhydrophobicity,1681,2.160.1681 Nanopore
2,2 Chemistry,160,2.160 Microfluidic Devices & Superhydrophobicity,2033,2.160.2033 Acoustic Levitation
2,2 Chemistry,160,2.160 Microfluidic Devices & Superhydrophobicity,2038,2.160.2038 Flow Chemistry
2,2 Chemistry,165,"2.165 Nanofibers, Scaffolds & Fabrication",163,2.165.163 Hydroxyapatite
2,2 Chemistry,165,"2.165 Nanofibers, Scaffolds & Fabrication",679,2.165.679 Additive Manufacturing
2,2 Chemistry,165,"2.165 Nanofibers, Scaffolds & Fabrication",844,2.165.844 Electrospinning
2,2 Chemistry,165,"2.165 Nanofibers, Scaffolds & Fabrication",1082,2.165.1082 Calcium Carbonate
2,2 Chemistry,165,"2.165 Nanofibers, Scaffolds & Fabrication",1601,2.165.1601 Silk Fibroin
2,2 Chemistry,166,2.166 Chromatography & Electrophoresis,423,2.166.423 Capillary Electrochromatography
2,2 Chemistry,166,2.166 Chromatography & Electrophoresis,730,2.166.730 Capillary Electrophoresis
2,2 Chemistry,166,2.166 Chromatography & Electrophoresis,873,2.166.873 Mammalian Cell Culture
2,2 Chemistry,166,2.166 Chromatography & Electrophoresis,1212,2.166.1212 Human Serum Albumin
2,2 Chemistry,166,2.166 Chromatography & Electrophoresis,1574,2.166.1574 Chiral Stationary Phase
2,2 Chemistry,166,2.166 Chromatography & Electrophoresis,1659,2.166.1659 Biosimilars
2,2 Chemistry,166,2.166 Chromatography & Electrophoresis,2025,2.166.2025 Aqueous Two-Phase Systems
2,2 Chemistry,167,2.167 Microelectromechanical Systems,298,2.167.298 MEMS
2,2 Chemistry,167,2.167 Microelectromechanical Systems,305,2.167.305 Self-Assembled Monolayers
2,2 Chemistry,167,2.167 Microelectromechanical Systems,555,2.167.555 Atomic Force Microscope
2,2 Chemistry,167,2.167 Microelectromechanical Systems,1422,2.167.1422 Ultrasonic Motor
2,2 Chemistry,170,2.170 Nucleic Acids Chemistry,185,2.170.185 Ribosome
2,2 Chemistry,170,2.170 Nucleic Acids Chemistry,877,2.170.877 Minor Groove
2,2 Chemistry,170,2.170 Nucleic Acids Chemistry,988,2.170.988 Oligonucleotides
2,2 Chemistry,170,2.170 Nucleic Acids Chemistry,1483,2.170.1483 Origin Of Life
2,2 Chemistry,170,2.170 Nucleic Acids Chemistry,1553,2.170.1553 DNA Computing
2,2 Chemistry,170,2.170 Nucleic Acids Chemistry,2058,2.170.2058 DNA
2,2 Chemistry,170,2.170 Nucleic Acids Chemistry,2079,2.170.2079 RNA Editing
2,2 Chemistry,176,2.176 Drug Delivery Chemistry,140,2.176.140 Solid Dispersion
2,2 Chemistry,176,2.176 Drug Delivery Chemistry,771,2.176.771 Stratum Corneum
2,2 Chemistry,176,2.176 Drug Delivery Chemistry,878,2.176.878 Cocrystals
2,2 Chemistry,176,2.176 Drug Delivery Chemistry,1649,2.176.1649 Dry Powder Inhaler
2,2 Chemistry,190,"2.190 Surfactants, Lipid Bilayers & Antimicrobial Peptides",215,2.190.215 Critical Micelle Concentration
2,2 Chemistry,190,"2.190 Surfactants, Lipid Bilayers & Antimicrobial Peptides",254,2.190.254 Lipid Bilayers
2,2 Chemistry,190,"2.190 Surfactants, Lipid Bilayers & Antimicrobial Peptides",857,2.190.857 Antimicrobial Peptides
2,2 Chemistry,209,2.209 Spectrometry & Separation,688,2.209.688 Preconcentration
2,2 Chemistry,209,2.209 Spectrometry & Separation,713,2.209.713 Glow Discharge Mass Spectrometry
2,2 Chemistry,209,2.209 Spectrometry & Separation,822,2.209.822 Solvent Extraction
2,2 Chemistry,209,2.209 Spectrometry & Separation,1319,2.209.1319 Ion Chromatography
2,2 Chemistry,209,2.209 Spectrometry & Separation,1851,2.209.1851 Neutron-Activation Analysis
2,2 Chemistry,210,2.210 Corrosion & Deposition Chemistry,137,2.210.137 Corrosion
2,2 Chemistry,210,2.210 Corrosion & Deposition Chemistry,791,2.210.791 Electrodeposition
2,2 Chemistry,210,2.210 Corrosion & Deposition Chemistry,1577,2.210.1577 Anodizing
2,2 Chemistry,210,2.210 Corrosion & Deposition Chemistry,2222,2.210.2222 Lead-Acid Battery
2,2 Chemistry,210,2.210 Corrosion & Deposition Chemistry,2440,2.210.2440 Liquid Metal Embrittlement
2,2 Chemistry,211,2.211 Mass Spectrometry,304,2.211.304 MALDI
2,2 Chemistry,211,2.211 Mass Spectrometry,497,2.211.497 Proteomics
2,2 Chemistry,211,2.211 Mass Spectrometry,990,2.211.990 Metabolomics
2,2 Chemistry,211,2.211 Mass Spectrometry,2349,2.211.2349 Hereditary Tyrosinemia
2,2 Chemistry,234,2.234 Photochemistry,78,2.234.78 Liquid Crystals
2,2 Chemistry,234,2.234 Photochemistry,1149,2.234.1149 Photochromism
2,2 Chemistry,241,2.241 Membrane Science,270,2.241.270 Nanofiltration
2,2 Chemistry,241,2.241 Membrane Science,1037,2.241.1037 Pervaporation
2,2 Chemistry,241,2.241 Membrane Science,1917,2.241.1917 Electrodialysis
2,2 Chemistry,241,2.241 Membrane Science,2286,2.241.2286 Sugar Beet
2,2 Chemistry,244,2.244 Chemometrics,499,2.244.499 Chemometrics
2,2 Chemistry,244,2.244 Chemometrics,1547,2.244.1547 Raman Spectroscopy
2,2 Chemistry,244,2.244 Chemometrics,1784,2.244.1784 Forensic Science
2,2 Chemistry,244,2.244 Chemometrics,2133,2.244.2133 Melamine
2,2 Chemistry,244,2.244 Chemometrics,2183,2.244.2183 Laboratory Systems
2,2 Chemistry,244,2.244 Chemometrics,2352,2.244.2352 Products for Human Consumption
2,2 Chemistry,259,2.259 Optical Chemistry,815,2.259.815 Fluorescence Correlation Spectroscopy
2,2 Chemistry,259,2.259 Optical Chemistry,967,2.259.967 Hyperpolarizability
2,2 Chemistry,259,2.259 Optical Chemistry,1468,2.259.1468 Two-Photon Absorption
2,2 Chemistry,276,2.276 Metalloenzymes,654,2.276.654 Hydrogenase
2,2 Chemistry,276,2.276 Metalloenzymes,1570,2.276.1570 Oxidase
2,2 Chemistry,276,2.276 Metalloenzymes,1947,2.276.1947 Ribonucleotide Reductase
2,2 Chemistry,282,2.282 Hydrogen Chemistry & Storage,594,2.282.594 Hydrogen Storage
2,2 Chemistry,282,2.282 Hydrogen Chemistry & Storage,1946,2.282.1946 Muonium
2,2 Chemistry,296,2.296 Textile Chemistry,1344,2.296.1344 Dyeing
2,2 Chemistry,296,2.296 Textile Chemistry,1545,2.296.1545 Fabrics
2,2 Chemistry,298,2.298 Perovskite Solar Cells,761,2.298.761 Perovskite Solar Cells
2,2 Chemistry,311,"2.311 Nitroxides, Antioxidants & Free Radicals",1605,2.311.1605 Nitroxides
2,2 Chemistry,311,"2.311 Nitroxides, Antioxidants & Free Radicals",2073,2.311.2073 Food Irradiation
2,2 Chemistry,326,2.326 Neutron Capture Therapy,1571,2.326.1571 BNCT
3,"3 Agriculture, Environment & Ecology",2,3.2 Marine Biology,62,3.2.62 Macroinvertebrates
3,"3 Agriculture, Environment & Ecology",2,3.2 Marine Biology,92,3.2.92 Fisheries
3,"3 Agriculture, Environment & Ecology",2,3.2 Marine Biology,116,3.2.116 Aquaculture
3,"3 Agriculture, Environment & Ecology",2,3.2 Marine Biology,154,3.2.154 Phytoplankton
3,"3 Agriculture, Environment & Ecology",2,3.2 Marine Biology,216,3.2.216 Microcystins
3,"3 Agriculture, Environment & Ecology",2,3.2 Marine Biology,509,3.2.509 Rhodophyta
3,"3 Agriculture, Environment & Ecology",2,3.2 Marine Biology,570,3.2.570 Coral Reefs
3,"3 Agriculture, Environment & Ecology",2,3.2 Marine Biology,605,3.2.605 Polychaeta
3,"3 Agriculture, Environment & Ecology",2,3.2 Marine Biology,659,3.2.659 Decapoda
3,"3 Agriculture, Environment & Ecology",2,3.2 Marine Biology,1002,3.2.1002 Unionidae
3,"3 Agriculture, Environment & Ecology",2,3.2 Marine Biology,1032,3.2.1032 Copepods
3,"3 Agriculture, Environment & Ecology",2,3.2 Marine Biology,1123,3.2.1123 11-Ketotestosterone
3,"3 Agriculture, Environment & Ecology",2,3.2 Marine Biology,1182,3.2.1182 Seagrass
3,"3 Agriculture, Environment & Ecology",2,3.2 Marine Biology,1339,3.2.1339 Echinodermata
3,"3 Agriculture, Environment & Ecology",2,3.2 Marine Biology,1443,3.2.1443 Domoic Acid
3,"3 Agriculture, Environment & Ecology",2,3.2 Marine Biology,1504,3.2.1504 Teleostei
3,"3 Agriculture, Environment & Ecology",2,3.2 Marine Biology,1991,3.2.1991 Bacillariophyta
3,"3 Agriculture, Environment & Ecology",2,3.2 Marine Biology,2084,3.2.2084 Cephalopoda
3,"3 Agriculture, Environment & Ecology",2,3.2 Marine Biology,2400,3.2.2400 Myxozoa
3,"3 Agriculture, Environment & Ecology",4,3.4 Crop Science,49,3.4.49 Salt Stress
3,"3 Agriculture, Environment & Ecology",4,3.4 Crop Science,96,3.4.96 QTL
3,"3 Agriculture, Environment & Ecology",4,3.4 Crop Science,119,3.4.119 Micropropagation
3,"3 Agriculture, Environment & Ecology",4,3.4 Crop Science,159,3.4.159 Arabidopsis
3,"3 Agriculture, Environment & Ecology",4,3.4 Crop Science,413,3.4.413 Firmness
3,"3 Agriculture, Environment & Ecology",4,3.4 Crop Science,419,3.4.419 Jasmonic Acid
3,"3 Agriculture, Environment & Ecology",4,3.4 Crop Science,424,3.4.424 Grain Yield
3,"3 Agriculture, Environment & Ecology",4,3.4 Crop Science,1010,3.4.1010 Pectin
3,"3 Agriculture, Environment & Ecology",4,3.4 Crop Science,1209,3.4.1209 Sucrose Synthase
3,"3 Agriculture, Environment & Ecology",4,3.4 Crop Science,1253,3.4.1253 Growth Regulation
3,"3 Agriculture, Environment & Ecology",4,3.4 Crop Science,1474,3.4.1474 Boron
3,"3 Agriculture, Environment & Ecology",4,3.4 Crop Science,1499,3.4.1499 Phytochrome
3,"3 Agriculture, Environment & Ecology",4,3.4 Crop Science,1637,3.4.1637 Nitrate Reductase
3,"3 Agriculture, Environment & Ecology",4,3.4 Crop Science,1651,3.4.1651 Greenhouse
3,"3 Agriculture, Environment & Ecology",4,3.4 Crop Science,1748,3.4.1748 Crassulacean Acid Metabolism
3,"3 Agriculture, Environment & Ecology",4,3.4 Crop Science,1898,3.4.1898 Insect Pests & Fungal Diseases
3,"3 Agriculture, Environment & Ecology",4,3.4 Crop Science,1919,3.4.1919 Chilling Requirement
3,"3 Agriculture, Environment & Ecology",4,3.4 Crop Science,1922,3.4.1922 Alternative Oxidase
3,"3 Agriculture, Environment & Ecology",4,3.4 Crop Science,1941,3.4.1941 Gossypol
3,"3 Agriculture, Environment & Ecology",4,3.4 Crop Science,1960,3.4.1960 Aerenchyma
3,"3 Agriculture, Environment & Ecology",4,3.4 Crop Science,1969,3.4.1969 Anthocyanin Biosynthesis
3,"3 Agriculture, Environment & Ecology",4,3.4 Crop Science,2172,3.4.2172 Parasitic Plants
3,"3 Agriculture, Environment & Ecology",4,3.4 Crop Science,2309,3.4.2309 Fragaria X Ananassa
3,"3 Agriculture, Environment & Ecology",4,3.4 Crop Science,2377,3.4.2377 Turf Quality
3,"3 Agriculture, Environment & Ecology",4,3.4 Crop Science,2430,3.4.2430 Tropical Crops
3,"3 Agriculture, Environment & Ecology",16,3.16 Phytochemicals,28,3.16.28 Antioxidant Activity
3,"3 Agriculture, Environment & Ecology",16,3.16 Phytochemicals,211,3.16.211 Triterpenoids
3,"3 Agriculture, Environment & Ecology",16,3.16 Phytochemicals,314,3.16.314 Essential Oil
3,"3 Agriculture, Environment & Ecology",16,3.16 Phytochemicals,614,3.16.614 Advanced Glycation End Products
3,"3 Agriculture, Environment & Ecology",16,3.16 Phytochemicals,698,3.16.698 Ganoderma Lucidum
3,"3 Agriculture, Environment & Ecology",16,3.16 Phytochemicals,1270,3.16.1270 Sesquiterpene Lactones
3,"3 Agriculture, Environment & Ecology",16,3.16 Phytochemicals,1301,3.16.1301 Berberine
3,"3 Agriculture, Environment & Ecology",16,3.16 Phytochemicals,1399,3.16.1399 Curcumin
3,"3 Agriculture, Environment & Ecology",16,3.16 Phytochemicals,1496,3.16.1496 Ethnobotany
3,"3 Agriculture, Environment & Ecology",16,3.16 Phytochemicals,1517,3.16.1517 Green Tea
3,"3 Agriculture, Environment & Ecology",16,3.16 Phytochemicals,1671,3.16.1671 Propolis
3,"3 Agriculture, Environment & Ecology",16,3.16 Phytochemicals,1717,3.16.1717 Rutaceae
3,"3 Agriculture, Environment & Ecology",16,3.16 Phytochemicals,1730,3.16.1730 Iridoids
3,"3 Agriculture, Environment & Ecology",16,3.16 Phytochemicals,1739,3.16.1739 11 Beta-Hydroxysteroid Dehydrogenase
3,"3 Agriculture, Environment & Ecology",16,3.16 Phytochemicals,1741,3.16.1741 Panax Ginseng
3,"3 Agriculture, Environment & Ecology",16,3.16 Phytochemicals,1822,3.16.1822 Tanshinone Iia
3,"3 Agriculture, Environment & Ecology",16,3.16 Phytochemicals,1840,3.16.1840 Matrine
3,"3 Agriculture, Environment & Ecology",16,3.16 Phytochemicals,1867,3.16.1867 Guttiferae
3,"3 Agriculture, Environment & Ecology",16,3.16 Phytochemicals,1953,3.16.1953 Garlic
3,"3 Agriculture, Environment & Ecology",16,3.16 Phytochemicals,2062,3.16.2062 Aloe Vera
3,"3 Agriculture, Environment & Ecology",16,3.16 Phytochemicals,2163,3.16.2163 Aristolochic Acid
3,"3 Agriculture, Environment & Ecology",16,3.16 Phytochemicals,2186,3.16.2186 Andrographolide
3,"3 Agriculture, Environment & Ecology",16,3.16 Phytochemicals,2237,3.16.2237 Thymoquinone
3,"3 Agriculture, Environment & Ecology",16,3.16 Phytochemicals,2297,3.16.2297 Ginkgo Biloba
3,"3 Agriculture, Environment & Ecology",16,3.16 Phytochemicals,2318,3.16.2318 Silymarin
3,"3 Agriculture, Environment & Ecology",16,3.16 Phytochemicals,2380,3.16.2380 Glycoalkaloids
3,"3 Agriculture, Environment & Ecology",16,3.16 Phytochemicals,2410,3.16.2410 Terpenes
3,"3 Agriculture, Environment & Ecology",32,3.32 Entomology,54,3.32.54 Biological Control
3,"3 Agriculture, Environment & Ecology",32,3.32 Entomology,697,3.32.697 Formicidae
3,"3 Agriculture, Environment & Ecology",32,3.32 Entomology,750,3.32.750 Apis Mellifera
3,"3 Agriculture, Environment & Ecology",32,3.32 Entomology,827,3.32.827 Bacillus Thuringiensis
3,"3 Agriculture, Environment & Ecology",32,3.32 Entomology,829,3.32.829 Juvenile Hormone
3,"3 Agriculture, Environment & Ecology",32,3.32 Entomology,1138,3.32.1138 Limonoids
3,"3 Agriculture, Environment & Ecology",32,3.32 Entomology,1249,3.32.1249 Araneae
3,"3 Agriculture, Environment & Ecology",32,3.32 Entomology,1364,3.32.1364 Beauveria Bassiana
3,"3 Agriculture, Environment & Ecology",32,3.32 Entomology,1485,3.32.1485 Antifreeze Proteins
3,"3 Agriculture, Environment & Ecology",32,3.32 Entomology,1508,3.32.1508 WSSV
3,"3 Agriculture, Environment & Ecology",32,3.32 Entomology,1536,3.32.1536 Phytoseiidae
3,"3 Agriculture, Environment & Ecology",32,3.32 Entomology,1539,3.32.1539 Scolytidae
3,"3 Agriculture, Environment & Ecology",32,3.32 Entomology,1638,3.32.1638 Forensic Entomology
3,"3 Agriculture, Environment & Ecology",32,3.32 Entomology,1846,3.32.1846 Tephritidae
3,"3 Agriculture, Environment & Ecology",32,3.32 Entomology,1848,3.32.1848 Baculovirus
3,"3 Agriculture, Environment & Ecology",32,3.32 Entomology,1983,3.32.1983 Wolbachia
3,"3 Agriculture, Environment & Ecology",32,3.32 Entomology,2056,3.32.2056 Hymenoptera
3,"3 Agriculture, Environment & Ecology",32,3.32 Entomology,2196,3.32.2196 Heteroptera
3,"3 Agriculture, Environment & Ecology",32,3.32 Entomology,2279,3.32.2279 Scarabaeidae
3,"3 Agriculture, Environment & Ecology",35,3.35 Zoology & Animal Ecology,33,3.35.33 Breeding Success
3,"3 Agriculture, Environment & Ecology",35,3.35 Zoology & Animal Ecology,274,3.35.274 Species Conservation
3,"3 Agriculture, Environment & Ecology",35,3.35 Zoology & Animal Ecology,434,3.35.434 Sexual Selection
3,"3 Agriculture, Environment & Ecology",35,3.35 Zoology & Animal Ecology,683,3.35.683 Lizards
3,"3 Agriculture, Environment & Ecology",35,3.35 Zoology & Animal Ecology,693,3.35.693 Primates
3,"3 Agriculture, Environment & Ecology",35,3.35 Zoology & Animal Ecology,721,3.35.721 Hibernation
3,"3 Agriculture, Environment & Ecology",35,3.35 Zoology & Animal Ecology,790,3.35.790 Anura
3,"3 Agriculture, Environment & Ecology",35,3.35 Zoology & Animal Ecology,796,3.35.796 Tursiops Truncatus
3,"3 Agriculture, Environment & Ecology",35,3.35 Zoology & Animal Ecology,1285,3.35.1285 Birdsong
3,"3 Agriculture, Environment & Ecology",35,3.35 Zoology & Animal Ecology,1587,3.35.1587 Chiroptera
3,"3 Agriculture, Environment & Ecology",35,3.35 Zoology & Animal Ecology,2036,3.35.2036 Haemoproteus
3,"3 Agriculture, Environment & Ecology",40,3.40 Forestry,55,3.40.55 Dendrochronology
3,"3 Agriculture, Environment & Ecology",40,3.40 Forestry,86,3.40.86 Seed Dispersal
3,"3 Agriculture, Environment & Ecology",40,3.40 Forestry,195,3.40.195 MaxEnt
3,"3 Agriculture, Environment & Ecology",40,3.40 Forestry,627,3.40.627 Deforestation
3,"3 Agriculture, Environment & Ecology",40,3.40 Forestry,635,3.40.635 Ecosystem Services
3,"3 Agriculture, Environment & Ecology",40,3.40 Forestry,838,3.40.838 Rangelands
3,"3 Agriculture, Environment & Ecology",40,3.40 Forestry,1396,3.40.1396 Elevated Co2
3,"3 Agriculture, Environment & Ecology",40,3.40 Forestry,1598,3.40.1598 Forest Fires
3,"3 Agriculture, Environment & Ecology",40,3.40 Forestry,1599,3.40.1599 Forest Management
3,"3 Agriculture, Environment & Ecology",45,3.45 Soil Science,112,3.45.112 Microbial Biomass
3,"3 Agriculture, Environment & Ecology",45,3.45 Soil Science,397,3.45.397 Nitrous Oxide
3,"3 Agriculture, Environment & Ecology",45,3.45 Soil Science,473,3.45.473 Phosphorus
3,"3 Agriculture, Environment & Ecology",45,3.45 Soil Science,879,3.45.879 Soil Erosion
3,"3 Agriculture, Environment & Ecology",45,3.45 Soil Science,888,3.45.888 Throughfall
3,"3 Agriculture, Environment & Ecology",45,3.45 Soil Science,915,3.45.915 Permafrost
3,"3 Agriculture, Environment & Ecology",45,3.45 Soil Science,1049,3.45.1049 Humic Substances
3,"3 Agriculture, Environment & Ecology",45,3.45 Soil Science,1109,3.45.1109 Geostatistics
3,"3 Agriculture, Environment & Ecology",45,3.45 Soil Science,1113,3.45.1113 Earthworms
3,"3 Agriculture, Environment & Ecology",45,3.45 Soil Science,1441,3.45.1441 Composting
3,"3 Agriculture, Environment & Ecology",45,3.45 Soil Science,1456,3.45.1456 Soil Compaction
3,"3 Agriculture, Environment & Ecology",45,3.45 Soil Science,1616,3.45.1616 Intercropping
3,"3 Agriculture, Environment & Ecology",45,3.45 Soil Science,1903,3.45.1903 Biochar
3,"3 Agriculture, Environment & Ecology",51,3.51 Dairy & Animal Sciences,84,3.51.84 Rumen
3,"3 Agriculture, Environment & Ecology",51,3.51 Dairy & Animal Sciences,115,3.51.115 Corpus Luteum
3,"3 Agriculture, Environment & Ecology",51,3.51 Dairy & Animal Sciences,206,3.51.206 Meat Characteristics
3,"3 Agriculture, Environment & Ecology",51,3.51 Dairy & Animal Sciences,208,3.51.208 Poultry
3,"3 Agriculture, Environment & Ecology",51,3.51 Dairy & Animal Sciences,799,3.51.799 Animal Welfare
3,"3 Agriculture, Environment & Ecology",51,3.51 Dairy & Animal Sciences,1365,3.51.1365 Mastitis
3,"3 Agriculture, Environment & Ecology",51,3.51 Dairy & Animal Sciences,1719,3.51.1719 Grazing Crops
3,"3 Agriculture, Environment & Ecology",51,3.51 Dairy & Animal Sciences,1908,3.51.1908 Fibre Diameter
3,"3 Agriculture, Environment & Ecology",51,3.51 Dairy & Animal Sciences,2057,3.51.2057 Colostrum
3,"3 Agriculture, Environment & Ecology",51,3.51 Dairy & Animal Sciences,2333,3.51.2333 Zootechnical Additives
3,"3 Agriculture, Environment & Ecology",60,"3.60 Herbicides, Pesticides & Ground Poisoning",221,3.60.221 PCBs
3,"3 Agriculture, Environment & Ecology",60,"3.60 Herbicides, Pesticides & Ground Poisoning",258,3.60.258 Bioaccumulation
3,"3 Agriculture, Environment & Ecology",60,"3.60 Herbicides, Pesticides & Ground Poisoning",357,3.60.357 Bisphenol A
3,"3 Agriculture, Environment & Ecology",60,"3.60 Herbicides, Pesticides & Ground Poisoning",412,3.60.412 Solid-Phase Microextraction
3,"3 Agriculture, Environment & Ecology",60,"3.60 Herbicides, Pesticides & Ground Poisoning",548,3.60.548 Acetylcholinesterase
3,"3 Agriculture, Environment & Ecology",60,"3.60 Herbicides, Pesticides & Ground Poisoning",812,3.60.812 Atrazine
3,"3 Agriculture, Environment & Ecology",60,"3.60 Herbicides, Pesticides & Ground Poisoning",993,3.60.993 PAHs
3,"3 Agriculture, Environment & Ecology",60,"3.60 Herbicides, Pesticides & Ground Poisoning",1654,3.60.1654 Phthalates
3,"3 Agriculture, Environment & Ecology",60,"3.60 Herbicides, Pesticides & Ground Poisoning",1976,3.60.1976 Tributyltin
3,"3 Agriculture, Environment & Ecology",60,"3.60 Herbicides, Pesticides & Ground Poisoning",1998,3.60.1998 PFOS
3,"3 Agriculture, Environment & Ecology",60,"3.60 Herbicides, Pesticides & Ground Poisoning",2078,3.60.2078 Microplastics
3,"3 Agriculture, Environment & Ecology",60,"3.60 Herbicides, Pesticides & Ground Poisoning",2137,3.60.2137 Pyrethroids
3,"3 Agriculture, Environment & Ecology",60,"3.60 Herbicides, Pesticides & Ground Poisoning",2230,3.60.2230 Sulfur Mustard
3,"3 Agriculture, Environment & Ecology",64,3.64 Phylogenetics & Genomics,34,3.64.34 Mitochondrial Genome
3,"3 Agriculture, Environment & Ecology",64,3.64 Phylogenetics & Genomics,71,3.64.71 Microsatellites
3,"3 Agriculture, Environment & Ecology",64,3.64 Phylogenetics & Genomics,612,3.64.612 Pollination
3,"3 Agriculture, Environment & Ecology",64,3.64 Phylogenetics & Genomics,864,3.64.864 Fluctuating Asymmetry
3,"3 Agriculture, Environment & Ecology",64,3.64 Phylogenetics & Genomics,1188,3.64.1188 Apomixis
3,"3 Agriculture, Environment & Ecology",64,3.64 Phylogenetics & Genomics,1241,3.64.1241 Coleoptera
3,"3 Agriculture, Environment & Ecology",64,3.64 Phylogenetics & Genomics,1630,3.64.1630 Ferns
3,"3 Agriculture, Environment & Ecology",64,3.64 Phylogenetics & Genomics,1827,3.64.1827 Musci
3,"3 Agriculture, Environment & Ecology",64,3.64 Phylogenetics & Genomics,1940,3.64.1940 Diplopoda
3,"3 Agriculture, Environment & Ecology",64,3.64 Phylogenetics & Genomics,2143,3.64.2143 Pulmonata
3,"3 Agriculture, Environment & Ecology",64,3.64 Phylogenetics & Genomics,2195,3.64.2195 Diptera
3,"3 Agriculture, Environment & Ecology",64,3.64 Phylogenetics & Genomics,2275,3.64.2275 Ephemeroptera
3,"3 Agriculture, Environment & Ecology",64,3.64 Phylogenetics & Genomics,2398,3.64.2398 Lepidoptera
3,"3 Agriculture, Environment & Ecology",64,3.64 Phylogenetics & Genomics,2564,3.64.2564 Environmental DNA
3,"3 Agriculture, Environment & Ecology",83,3.83 Bioengineering,167,3.83.167 Type Strain
3,"3 Agriculture, Environment & Ecology",83,3.83 Bioengineering,323,3.83.323 Biodegradation
3,"3 Agriculture, Environment & Ecology",83,3.83 Bioengineering,416,3.83.416 Anaerobic Digestion
3,"3 Agriculture, Environment & Ecology",83,3.83 Bioengineering,466,3.83.466 Activated Sludge
3,"3 Agriculture, Environment & Ecology",83,3.83 Bioengineering,1206,3.83.1206 Constructed Wetlands
3,"3 Agriculture, Environment & Ecology",83,3.83 Bioengineering,1487,3.83.1487 Microbial Fuel Cell
3,"3 Agriculture, Environment & Ecology",83,3.83 Bioengineering,1777,3.83.1777 Biofiltration
3,"3 Agriculture, Environment & Ecology",83,3.83 Bioengineering,1791,3.83.1791 Methanotrophs
3,"3 Agriculture, Environment & Ecology",83,3.83 Bioengineering,2268,3.83.2268 Struvite
3,"3 Agriculture, Environment & Ecology",83,3.83 Bioengineering,2296,3.83.2296 Microcalorimetry
3,"3 Agriculture, Environment & Ecology",85,3.85 Food Science & Technology,99,3.85.99 Starch
3,"3 Agriculture, Environment & Ecology",85,3.85 Food Science & Technology,553,3.85.553 Beta-Lactoglobulin
3,"3 Agriculture, Environment & Ecology",85,3.85 Food Science & Technology,554,3.85.554 Osmotic Dehydration
3,"3 Agriculture, Environment & Ecology",85,3.85 Food Science & Technology,741,3.85.741 Chitosan
3,"3 Agriculture, Environment & Ecology",85,3.85 Food Science & Technology,784,3.85.784 Cheesemaking
3,"3 Agriculture, Environment & Ecology",85,3.85 Food Science & Technology,1292,3.85.1292 Electroporation
3,"3 Agriculture, Environment & Ecology",85,3.85 Food Science & Technology,1687,3.85.1687 Bioactive Peptides
3,"3 Agriculture, Environment & Ecology",85,3.85 Food Science & Technology,1711,3.85.1711 Lathyrus Sativus
3,"3 Agriculture, Environment & Ecology",87,3.87 Paper & Wood Materials Science,150,3.87.150 Cellulase
3,"3 Agriculture, Environment & Ecology",87,3.87 Paper & Wood Materials Science,269,3.87.269 Cellulose
3,"3 Agriculture, Environment & Ecology",87,3.87 Paper & Wood Materials Science,527,3.87.527 Wood
3,"3 Agriculture, Environment & Ecology",87,3.87 Paper & Wood Materials Science,946,3.87.946 Laccase
3,"3 Agriculture, Environment & Ecology",87,3.87 Paper & Wood Materials Science,1003,3.87.1003 Lignin
3,"3 Agriculture, Environment & Ecology",87,3.87 Paper & Wood Materials Science,1386,3.87.1386 Clostridium Acetobutylicum
3,"3 Agriculture, Environment & Ecology",87,3.87 Paper & Wood Materials Science,1480,3.87.1480 Paper Properties
3,"3 Agriculture, Environment & Ecology",87,3.87 Paper & Wood Materials Science,2131,3.87.2131 Bioenergy
3,"3 Agriculture, Environment & Ecology",91,3.91 Contamination & Phytoremediation,172,3.91.172 Heavy Metals
3,"3 Agriculture, Environment & Ecology",91,3.91 Contamination & Phytoremediation,496,3.91.496 Cadmium
3,"3 Agriculture, Environment & Ecology",91,3.91 Contamination & Phytoremediation,644,3.91.644 Mercury
3,"3 Agriculture, Environment & Ecology",91,3.91 Contamination & Phytoremediation,660,3.91.660 Arsenic
3,"3 Agriculture, Environment & Ecology",91,3.91 Contamination & Phytoremediation,920,3.91.920 Selenium
3,"3 Agriculture, Environment & Ecology",91,3.91 Contamination & Phytoremediation,1064,3.91.1064 Sediments
3,"3 Agriculture, Environment & Ecology",91,3.91 Contamination & Phytoremediation,1514,3.91.1514 Hexavalent Chromium
3,"3 Agriculture, Environment & Ecology",91,3.91 Contamination & Phytoremediation,2269,3.91.2269 Manganism
3,"3 Agriculture, Environment & Ecology",97,3.97 Plant Pathology,488,3.97.488 Arbuscular Mycorrhizal Fungi
3,"3 Agriculture, Environment & Ecology",97,3.97 Plant Pathology,556,3.97.556 PGPR
3,"3 Agriculture, Environment & Ecology",97,3.97 Plant Pathology,636,3.97.636 Fungicides
3,"3 Agriculture, Environment & Ecology",97,3.97 Plant Pathology,892,3.97.892 Nodulation
3,"3 Agriculture, Environment & Ecology",97,3.97 Plant Pathology,1108,3.97.1108 Root-Knot Nematode
3,"3 Agriculture, Environment & Ecology",97,3.97 Plant Pathology,1173,3.97.1173 Hyphomycetes
3,"3 Agriculture, Environment & Ecology",97,3.97 Plant Pathology,1357,3.97.1357 Xylella Fastidiosa
3,"3 Agriculture, Environment & Ecology",97,3.97 Plant Pathology,1439,3.97.1439 Phytophthora Infestans
3,"3 Agriculture, Environment & Ecology",97,3.97 Plant Pathology,1847,3.97.1847 Verticillium Wilt
3,"3 Agriculture, Environment & Ecology",171,3.171 Photoproductivity,129,3.171.129 Photosystem Ii
3,"3 Agriculture, Environment & Ecology",171,3.171 Photoproductivity,477,3.171.477 Microalgae
3,"3 Agriculture, Environment & Ecology",171,3.171 Photoproductivity,1011,3.171.1011 Carotenoids
3,"3 Agriculture, Environment & Ecology",171,3.171 Photoproductivity,1776,3.171.1776 Acute Intermittent Porphyria
3,"3 Agriculture, Environment & Ecology",171,3.171 Photoproductivity,1858,3.171.1858 UV-B Radiation
3,"3 Agriculture, Environment & Ecology",180,3.180 Microbial Biotechnology,293,3.180.293 Lipase
3,"3 Agriculture, Environment & Ecology",180,3.180 Microbial Biotechnology,867,3.180.867 Cathepsin
3,"3 Agriculture, Environment & Ecology",180,3.180 Microbial Biotechnology,1184,3.180.1184 Corynebacterium Glutamicum
3,"3 Agriculture, Environment & Ecology",180,3.180 Microbial Biotechnology,1338,3.180.1338 Phosphofructokinase
3,"3 Agriculture, Environment & Ecology",180,3.180 Microbial Biotechnology,1392,3.180.1392 Alpha-Amylase
3,"3 Agriculture, Environment & Ecology",180,3.180 Microbial Biotechnology,1812,3.180.1812 Nitrile Hydratase
3,"3 Agriculture, Environment & Ecology",180,3.180 Microbial Biotechnology,2188,3.180.2188 Prolidase
3,"3 Agriculture, Environment & Ecology",180,3.180 Microbial Biotechnology,2315,3.180.2315 Cholesterol Oxidase
3,"3 Agriculture, Environment & Ecology",180,3.180 Microbial Biotechnology,2418,3.180.2418 Alginate Lyase
3,"3 Agriculture, Environment & Ecology",198,3.198 Mycotoxins,400,3.198.400 Mycotoxins
3,"3 Agriculture, Environment & Ecology",198,3.198 Mycotoxins,749,3.198.749 Porifera
3,"3 Agriculture, Environment & Ecology",198,3.198 Mycotoxins,904,3.198.904 Streptomyces
3,"3 Agriculture, Environment & Ecology",198,3.198 Mycotoxins,926,3.198.926 Endophytic Fungi
3,"3 Agriculture, Environment & Ecology",220,3.220 Smell & Taste Science,559,3.220.559 Oenology
3,"3 Agriculture, Environment & Ecology",220,3.220 Smell & Taste Science,701,3.220.701 Olfaction
3,"3 Agriculture, Environment & Ecology",220,3.220 Smell & Taste Science,1242,3.220.1242 Aspartame
3,"3 Agriculture, Environment & Ecology",220,3.220 Smell & Taste Science,1561,3.220.1561 Health Claims
3,"3 Agriculture, Environment & Ecology",220,3.220 Smell & Taste Science,1595,3.220.1595 Electronic Nose
3,"3 Agriculture, Environment & Ecology",232,3.232 Veterinary Sciences,1120,3.232.1120 Animal Oncology
3,"3 Agriculture, Environment & Ecology",232,3.232 Veterinary Sciences,1281,3.232.1281 Small Animal Practice
3,"3 Agriculture, Environment & Ecology",232,3.232 Veterinary Sciences,1304,3.232.1304 Horse
3,"3 Agriculture, Environment & Ecology",232,3.232 Veterinary Sciences,1375,3.232.1375 Animal-Assisted Therapy
3,"3 Agriculture, Environment & Ecology",232,3.232 Veterinary Sciences,1715,3.232.1715 Cranial Cruciate Ligament
3,"3 Agriculture, Environment & Ecology",232,3.232 Veterinary Sciences,1936,3.232.1936 Colic
3,"3 Agriculture, Environment & Ecology",232,3.232 Veterinary Sciences,2141,3.232.2141 Recurrent Airway Obstruction
3,"3 Agriculture, Environment & Ecology",267,3.267 Virology - Plant,356,3.267.356 Coat Protein
3,"3 Agriculture, Environment & Ecology",267,3.267 Virology - Plant,1792,3.267.1792 Phytoplasma
3,"3 Agriculture, Environment & Ecology",267,3.267 Virology - Plant,2266,3.267.2266 Molecular Farming
3,"3 Agriculture, Environment & Ecology",274,3.274 Animal Sensing,1175,3.274.1175 Compound Eye
3,"3 Agriculture, Environment & Ecology",274,3.274 Animal Sensing,1584,3.274.1584 Aplysia
3,"3 Agriculture, Environment & Ecology",274,3.274 Animal Sensing,1695,3.274.1695 Planaria
3,"3 Agriculture, Environment & Ecology",274,3.274 Animal Sensing,2008,3.274.2008 Hydra
3,"3 Agriculture, Environment & Ecology",274,3.274 Animal Sensing,2301,3.274.2301 Electric Fish
3,"3 Agriculture, Environment & Ecology",275,3.275 Crop Protection,705,3.275.705 Herbicide Resistance
3,"3 Agriculture, Environment & Ecology",275,3.275 Crop Protection,1866,3.275.1866 Cutin
3,"3 Agriculture, Environment & Ecology",275,3.275 Crop Protection,1891,3.275.1891 Allelopathy
3,"3 Agriculture, Environment & Ecology",275,3.275 Crop Protection,2177,3.275.2177 Harvesting Robot
3,"3 Agriculture, Environment & Ecology",306,3.306 Biomonitoring & Bioindicators,1346,3.306.1346 Lichens
3,"3 Agriculture, Environment & Ecology",306,3.306 Biomonitoring & Bioindicators,2255,3.306.2255 Tardigrada
4,"4 Electrical Engineering, Electronics & Computer Science",13,4.13 Telecommunications,6,4.13.6 Cellular Networks
4,"4 Electrical Engineering, Electronics & Computer Science",13,4.13 Telecommunications,43,4.13.43 Wireless Sensor Networks
4,"4 Electrical Engineering, Electronics & Computer Science",13,4.13 Telecommunications,230,4.13.230 Outage Probability
4,"4 Electrical Engineering, Electronics & Computer Science",13,4.13 Telecommunications,449,4.13.449 Stochastic Computing
4,"4 Electrical Engineering, Electronics & Computer Science",13,4.13 Telecommunications,689,4.13.689 Cognitive Radio Networks
4,"4 Electrical Engineering, Electronics & Computer Science",13,4.13 Telecommunications,696,4.13.696 Indoor Localization
4,"4 Electrical Engineering, Electronics & Computer Science",13,4.13 Telecommunications,725,4.13.725 IEEE 802
4,"4 Electrical Engineering, Electronics & Computer Science",13,4.13 Telecommunications,807,4.13.807 Internet Of Things
4,"4 Electrical Engineering, Electronics & Computer Science",13,4.13 Telecommunications,896,4.13.896 Vehicular ad hoc Networks
4,"4 Electrical Engineering, Electronics & Computer Science",13,4.13 Telecommunications,925,4.13.925 Satellite Networks
4,"4 Electrical Engineering, Electronics & Computer Science",13,4.13 Telecommunications,1815,4.13.1815 Random Lasers
4,"4 Electrical Engineering, Electronics & Computer Science",13,4.13 Telecommunications,1994,4.13.1994 Power Line Communication
4,"4 Electrical Engineering, Electronics & Computer Science",13,4.13 Telecommunications,2202,4.13.2202 Unmanned Aerial Vehicles
4,"4 Electrical Engineering, Electronics & Computer Science",13,4.13 Telecommunications,2285,4.13.2285 Evaporation Duct
4,"4 Electrical Engineering, Electronics & Computer Science",13,4.13 Telecommunications,2428,4.13.2428 Wireless Ad Hoc Network
4,"4 Electrical Engineering, Electronics & Computer Science",13,4.13 Telecommunications,2542,4.13.2542 Interdisciplinary Applications
4,"4 Electrical Engineering, Electronics & Computer Science",13,4.13 Telecommunications,2771,4.13.2771 Network Coding
4,"4 Electrical Engineering, Electronics & Computer Science",17,4.17 Computer Vision & Graphics,64,4.17.64 Image Retrieval
4,"4 Electrical Engineering, Electronics & Computer Science",17,4.17 Computer Vision & Graphics,118,4.17.118 Face Recognition
4,"4 Electrical Engineering, Electronics & Computer Science",17,4.17 Computer Vision & Graphics,128,4.17.128 Deep Learning
4,"4 Electrical Engineering, Electronics & Computer Science",17,4.17 Computer Vision & Graphics,245,4.17.245 Volume Rendering
4,"4 Electrical Engineering, Electronics & Computer Science",17,4.17 Computer Vision & Graphics,282,4.17.282 Image Segmentation
4,"4 Electrical Engineering, Electronics & Computer Science",17,4.17 Computer Vision & Graphics,630,4.17.630 Action Recognition
4,"4 Electrical Engineering, Electronics & Computer Science",17,4.17 Computer Vision & Graphics,861,4.17.861 Image Enhancement
4,"4 Electrical Engineering, Electronics & Computer Science",17,4.17 Computer Vision & Graphics,942,4.17.942 OCR
4,"4 Electrical Engineering, Electronics & Computer Science",17,4.17 Computer Vision & Graphics,953,4.17.953 Object Tracking
4,"4 Electrical Engineering, Electronics & Computer Science",17,4.17 Computer Vision & Graphics,1432,4.17.1432 Digital Topology
4,"4 Electrical Engineering, Electronics & Computer Science",17,4.17 Computer Vision & Graphics,1752,4.17.1752 Retinal Images
4,"4 Electrical Engineering, Electronics & Computer Science",17,4.17 Computer Vision & Graphics,1802,4.17.1802 Video Summarization
4,"4 Electrical Engineering, Electronics & Computer Science",17,4.17 Computer Vision & Graphics,1950,4.17.1950 Defect Detection
4,"4 Electrical Engineering, Electronics & Computer Science",17,4.17 Computer Vision & Graphics,2779,4.17.2779 Gait Recognition
4,"4 Electrical Engineering, Electronics & Computer Science",18,4.18 Power Systems & Electric Vehicles,101,4.18.101 Power Quality
4,"4 Electrical Engineering, Electronics & Computer Science",18,4.18 Power Systems & Electric Vehicles,136,4.18.136 Induction Motor
4,"4 Electrical Engineering, Electronics & Computer Science",18,4.18 Power Systems & Electric Vehicles,204,4.18.204 Distributed Generation
4,"4 Electrical Engineering, Electronics & Computer Science",18,4.18 Power Systems & Electric Vehicles,296,4.18.296 Unit Commitment
4,"4 Electrical Engineering, Electronics & Computer Science",18,4.18 Power Systems & Electric Vehicles,334,4.18.334 DC-DC Converter
4,"4 Electrical Engineering, Electronics & Computer Science",18,4.18 Power Systems & Electric Vehicles,472,4.18.472 Voltage Stability
4,"4 Electrical Engineering, Electronics & Computer Science",18,4.18 Power Systems & Electric Vehicles,575,4.18.575 MPPT
4,"4 Electrical Engineering, Electronics & Computer Science",18,4.18 Power Systems & Electric Vehicles,754,4.18.754 Doubly Fed Induction Generator
4,"4 Electrical Engineering, Electronics & Computer Science",18,4.18 Power Systems & Electric Vehicles,788,4.18.788 Electric Vehicles
4,"4 Electrical Engineering, Electronics & Computer Science",18,4.18 Power Systems & Electric Vehicles,1055,4.18.1055 Fault Location
4,"4 Electrical Engineering, Electronics & Computer Science",18,4.18 Power Systems & Electric Vehicles,1453,4.18.1453 Non Intrusive Load Monitoring
4,"4 Electrical Engineering, Electronics & Computer Science",18,4.18 Power Systems & Electric Vehicles,2170,4.18.2170 Soft Starter
4,"4 Electrical Engineering, Electronics & Computer Science",29,4.29 Automation & Control Systems,30,4.29.30 Linear Matrix Inequalities
4,"4 Electrical Engineering, Electronics & Computer Science",29,4.29 Automation & Control Systems,104,4.29.104 Adaptive Control
4,"4 Electrical Engineering, Electronics & Computer Science",29,4.29 Automation & Control Systems,435,4.29.435 Multi Agent Systems
4,"4 Electrical Engineering, Electronics & Computer Science",29,4.29 Automation & Control Systems,521,4.29.521 Model Predictive Control
4,"4 Electrical Engineering, Electronics & Computer Science",29,4.29 Automation & Control Systems,587,4.29.587 Target Tracking
4,"4 Electrical Engineering, Electronics & Computer Science",29,4.29 Automation & Control Systems,923,4.29.923 Fault Detection
4,"4 Electrical Engineering, Electronics & Computer Science",29,4.29 Automation & Control Systems,1060,4.29.1060 Multibody Systems
4,"4 Electrical Engineering, Electronics & Computer Science",29,4.29 Automation & Control Systems,1251,4.29.1251 Vehicle Dynamics
4,"4 Electrical Engineering, Electronics & Computer Science",29,4.29 Automation & Control Systems,1383,4.29.1383 System Identification
4,"4 Electrical Engineering, Electronics & Computer Science",29,4.29 Automation & Control Systems,2077,4.29.2077 Axial Piston Pump
4,"4 Electrical Engineering, Electronics & Computer Science",29,4.29 Automation & Control Systems,2152,4.29.2152 Iterative Learning Control
4,"4 Electrical Engineering, Electronics & Computer Science",29,4.29 Automation & Control Systems,2166,4.29.2166 Guidance Law
4,"4 Electrical Engineering, Electronics & Computer Science",29,4.29 Automation & Control Systems,2772,4.29.2772 Autonomous Underwater Vehicles
4,"4 Electrical Engineering, Electronics & Computer Science",46,4.46 Distributed & Real Time Computing,85,4.46.85 Cloud Computing
4,"4 Electrical Engineering, Electronics & Computer Science",46,4.46 Distributed & Real Time Computing,183,4.46.183 Network-On-Chip
4,"4 Electrical Engineering, Electronics & Computer Science",46,4.46 Distributed & Real Time Computing,474,4.46.474 Queueing
4,"4 Electrical Engineering, Electronics & Computer Science",46,4.46 Distributed & Real Time Computing,490,4.46.490 Software Defined Networking
4,"4 Electrical Engineering, Electronics & Computer Science",46,4.46 Distributed & Real Time Computing,905,4.46.905 Transactional Memory
4,"4 Electrical Engineering, Electronics & Computer Science",46,4.46 Distributed & Real Time Computing,1054,4.46.1054 Peer-To-Peer
4,"4 Electrical Engineering, Electronics & Computer Science",46,4.46 Distributed & Real Time Computing,1107,4.46.1107 Real-Time Systems
4,"4 Electrical Engineering, Electronics & Computer Science",46,4.46 Distributed & Real Time Computing,1156,4.46.1156 Congestion Control
4,"4 Electrical Engineering, Electronics & Computer Science",46,4.46 Distributed & Real Time Computing,1355,4.46.1355 Interconnection Networks
4,"4 Electrical Engineering, Electronics & Computer Science",46,4.46 Distributed & Real Time Computing,1446,4.46.1446 Caching
4,"4 Electrical Engineering, Electronics & Computer Science",46,4.46 Distributed & Real Time Computing,1494,4.46.1494 Distributed Storage Systems
4,"4 Electrical Engineering, Electronics & Computer Science",46,4.46 Distributed & Real Time Computing,2769,4.46.2769 Optical Networks
4,"4 Electrical Engineering, Electronics & Computer Science",47,4.47 Software Engineering,194,4.47.194 Service-oriented Architecture
4,"4 Electrical Engineering, Electronics & Computer Science",47,4.47 Software Engineering,281,4.47.281 Abstract Interpretation
4,"4 Electrical Engineering, Electronics & Computer Science",47,4.47 Software Engineering,408,4.47.408 Model Checking
4,"4 Electrical Engineering, Electronics & Computer Science",47,4.47 Software Engineering,410,4.47.410 Software Metrics
4,"4 Electrical Engineering, Electronics & Computer Science",47,4.47 Software Engineering,463,4.47.463 Answer Set Programming
4,"4 Electrical Engineering, Electronics & Computer Science",47,4.47 Software Engineering,1111,4.47.1111 Software Testing
4,"4 Electrical Engineering, Electronics & Computer Science",47,4.47 Software Engineering,1360,4.47.1360 Boolean Satisfiability
4,"4 Electrical Engineering, Electronics & Computer Science",47,4.47 Software Engineering,1379,4.47.1379 Discrete Event Systems
4,"4 Electrical Engineering, Electronics & Computer Science",47,4.47 Software Engineering,1589,4.47.1589 Access Control
4,"4 Electrical Engineering, Electronics & Computer Science",47,4.47 Software Engineering,2069,4.47.2069 Software Reliability
4,"4 Electrical Engineering, Electronics & Computer Science",47,4.47 Software Engineering,2305,4.47.2305 Mobile Agents
4,"4 Electrical Engineering, Electronics & Computer Science",47,4.47 Software Engineering,2324,4.47.2324 Home Networks
4,"4 Electrical Engineering, Electronics & Computer Science",48,4.48 Knowledge Engineering & Representation,120,4.48.120 Complex Networks
4,"4 Electrical Engineering, Electronics & Computer Science",48,4.48 Knowledge Engineering & Representation,228,4.48.228 Information Literacy
4,"4 Electrical Engineering, Electronics & Computer Science",48,4.48 Knowledge Engineering & Representation,322,4.48.322 Semantic Web
4,"4 Electrical Engineering, Electronics & Computer Science",48,4.48 Knowledge Engineering & Representation,672,4.48.672 Natural Language Processing
4,"4 Electrical Engineering, Electronics & Computer Science",48,4.48 Knowledge Engineering & Representation,817,4.48.817 Collaborative Filtering
4,"4 Electrical Engineering, Electronics & Computer Science",48,4.48 Knowledge Engineering & Representation,962,4.48.962 Similarity Search
4,"4 Electrical Engineering, Electronics & Computer Science",48,4.48 Knowledge Engineering & Representation,1215,4.48.1215 Information Visualization
4,"4 Electrical Engineering, Electronics & Computer Science",48,4.48 Knowledge Engineering & Representation,1239,4.48.1239 Volunteered Geographic Information
4,"4 Electrical Engineering, Electronics & Computer Science",48,4.48 Knowledge Engineering & Representation,1522,4.48.1522 Big Data
4,"4 Electrical Engineering, Electronics & Computer Science",48,4.48 Knowledge Engineering & Representation,1783,4.48.1783 Statistical Tests
4,"4 Electrical Engineering, Electronics & Computer Science",48,4.48 Knowledge Engineering & Representation,1899,4.48.1899 Qualitative Spatial Reasoning
4,"4 Electrical Engineering, Electronics & Computer Science",48,4.48 Knowledge Engineering & Representation,1974,4.48.1974 Crowdsourcing
4,"4 Electrical Engineering, Electronics & Computer Science",48,4.48 Knowledge Engineering & Representation,2210,4.48.2210 Entity Resolution
4,"4 Electrical Engineering, Electronics & Computer Science",58,4.58 Wireless Technology,213,4.58.213 Antenna
4,"4 Electrical Engineering, Electronics & Computer Science",58,4.58 Wireless Technology,253,4.58.253 Metamaterials
4,"4 Electrical Engineering, Electronics & Computer Science",58,4.58 Wireless Technology,291,4.58.291 MIMO
4,"4 Electrical Engineering, Electronics & Computer Science",58,4.58 Wireless Technology,681,4.58.681 Terahertz
4,"4 Electrical Engineering, Electronics & Computer Science",58,4.58 Wireless Technology,770,4.58.770 Electromagnetic Scattering
4,"4 Electrical Engineering, Electronics & Computer Science",58,4.58 Wireless Technology,872,4.58.872 FDTD
4,"4 Electrical Engineering, Electronics & Computer Science",58,4.58 Wireless Technology,1042,4.58.1042 Wireless Power Transfer
4,"4 Electrical Engineering, Electronics & Computer Science",58,4.58 Wireless Technology,1125,4.58.1125 Microwave Absorption
4,"4 Electrical Engineering, Electronics & Computer Science",58,4.58 Wireless Technology,1345,4.58.1345 Pattern Synthesis
4,"4 Electrical Engineering, Electronics & Computer Science",58,4.58 Wireless Technology,1854,4.58.1854 WBAN
4,"4 Electrical Engineering, Electronics & Computer Science",58,4.58 Wireless Technology,2176,4.58.2176 Reverberation Chamber
4,"4 Electrical Engineering, Electronics & Computer Science",58,4.58 Wireless Technology,2294,4.58.2294 Six-port Reflectometer
4,"4 Electrical Engineering, Electronics & Computer Science",58,4.58 Wireless Technology,2765,4.58.2765 Waveguides
4,"4 Electrical Engineering, Electronics & Computer Science",61,4.61 Artificial Intelligence & Machine Learning,56,4.61.56 Fuzzy Sets
4,"4 Electrical Engineering, Electronics & Computer Science",61,4.61 Artificial Intelligence & Machine Learning,145,4.61.145 Feature Selection
4,"4 Electrical Engineering, Electronics & Computer Science",61,4.61 Artificial Intelligence & Machine Learning,493,4.61.493 Load Forecasting
4,"4 Electrical Engineering, Electronics & Computer Science",61,4.61 Artificial Intelligence & Machine Learning,869,4.61.869 Clustering
4,"4 Electrical Engineering, Electronics & Computer Science",61,4.61 Artificial Intelligence & Machine Learning,1124,4.61.1124 Rough Sets
4,"4 Electrical Engineering, Electronics & Computer Science",61,4.61 Artificial Intelligence & Machine Learning,1302,4.61.1302 Intrusion Detection
4,"4 Electrical Engineering, Electronics & Computer Science",61,4.61 Artificial Intelligence & Machine Learning,1335,4.61.1335 Self Organizing Maps
4,"4 Electrical Engineering, Electronics & Computer Science",61,4.61 Artificial Intelligence & Machine Learning,1336,4.61.1336 Association Rules
4,"4 Electrical Engineering, Electronics & Computer Science",61,4.61 Artificial Intelligence & Machine Learning,1460,4.61.1460 Bayesian Networks
4,"4 Electrical Engineering, Electronics & Computer Science",61,4.61 Artificial Intelligence & Machine Learning,1820,4.61.1820 Credit Scoring
4,"4 Electrical Engineering, Electronics & Computer Science",61,4.61 Artificial Intelligence & Machine Learning,1988,4.61.1988 Formal Languages
4,"4 Electrical Engineering, Electronics & Computer Science",61,4.61 Artificial Intelligence & Machine Learning,2106,4.61.2106 Case-Based Reasoning
4,"4 Electrical Engineering, Electronics & Computer Science",61,4.61 Artificial Intelligence & Machine Learning,2764,4.61.2764 Medical Tourism
4,"4 Electrical Engineering, Electronics & Computer Science",84,4.84 Supply Chain & Logistics,169,4.84.169 Particle Swarm Optimization
4,"4 Electrical Engineering, Electronics & Computer Science",84,4.84 Supply Chain & Logistics,260,4.84.260 Supply Chain
4,"4 Electrical Engineering, Electronics & Computer Science",84,4.84 Supply Chain & Logistics,401,4.84.401 Scheduling
4,"4 Electrical Engineering, Electronics & Computer Science",84,4.84 Supply Chain & Logistics,471,4.84.471 Vehicle Routing Problem
4,"4 Electrical Engineering, Electronics & Computer Science",84,4.84 Supply Chain & Logistics,1014,4.84.1014 MINLP
4,"4 Electrical Engineering, Electronics & Computer Science",84,4.84 Supply Chain & Logistics,1632,4.84.1632 Facility Location
4,"4 Electrical Engineering, Electronics & Computer Science",84,4.84 Supply Chain & Logistics,1965,4.84.1965 Cutting Stock Problem
4,"4 Electrical Engineering, Electronics & Computer Science",84,4.84 Supply Chain & Logistics,2146,4.84.2146 Extremum Seeking
4,"4 Electrical Engineering, Electronics & Computer Science",84,4.84 Supply Chain & Logistics,2162,4.84.2162 Timetabling
4,"4 Electrical Engineering, Electronics & Computer Science",84,4.84 Supply Chain & Logistics,2450,4.84.2450 Order Picking
4,"4 Electrical Engineering, Electronics & Computer Science",101,"4.101 Security, Encryption & Encoding",178,4.101.178 Video Coding
4,"4 Electrical Engineering, Electronics & Computer Science",101,"4.101 Security, Encryption & Encoding",639,4.101.639 Watermarking
4,"4 Electrical Engineering, Electronics & Computer Science",101,"4.101 Security, Encryption & Encoding",716,4.101.716 Compressed Sensing
4,"4 Electrical Engineering, Electronics & Computer Science",101,"4.101 Security, Encryption & Encoding",848,4.101.848 Image Fusion
4,"4 Electrical Engineering, Electronics & Computer Science",101,"4.101 Security, Encryption & Encoding",1178,4.101.1178 Super-Resolution
4,"4 Electrical Engineering, Electronics & Computer Science",101,"4.101 Security, Encryption & Encoding",1199,4.101.1199 Wavelets
4,"4 Electrical Engineering, Electronics & Computer Science",101,"4.101 Security, Encryption & Encoding",1713,4.101.1713 Image Encryption
4,"4 Electrical Engineering, Electronics & Computer Science",101,"4.101 Security, Encryption & Encoding",1842,4.101.1842 Fast Fourier Transform
4,"4 Electrical Engineering, Electronics & Computer Science",101,"4.101 Security, Encryption & Encoding",2006,4.101.2006 Nonuniformity Correction
4,"4 Electrical Engineering, Electronics & Computer Science",116,4.116 Robotics,133,4.116.133 Simultaneous Localization and Mapping
4,"4 Electrical Engineering, Electronics & Computer Science",116,4.116 Robotics,862,4.116.862 Reinforcement Learning
4,"4 Electrical Engineering, Electronics & Computer Science",116,4.116 Robotics,971,4.116.971 Parallel Manipulator
4,"4 Electrical Engineering, Electronics & Computer Science",116,4.116 Robotics,1097,4.116.1097 Biped Robot
4,"4 Electrical Engineering, Electronics & Computer Science",116,4.116 Robotics,1275,4.116.1275 Teleoperation
4,"4 Electrical Engineering, Electronics & Computer Science",116,4.116 Robotics,1412,4.116.1412 Dielectric Elastomer
4,"4 Electrical Engineering, Electronics & Computer Science",116,4.116 Robotics,1415,4.116.1415 Human-Robot Interaction
4,"4 Electrical Engineering, Electronics & Computer Science",116,4.116 Robotics,1697,4.116.1697 Grasping
4,"4 Electrical Engineering, Electronics & Computer Science",116,4.116 Robotics,2066,4.116.2066 Visual Servoing
4,"4 Electrical Engineering, Electronics & Computer Science",116,4.116 Robotics,2144,4.116.2144 Modular Robots
4,"4 Electrical Engineering, Electronics & Computer Science",138,4.138 Semiconductor Technology,205,4.138.205 Phase Noise
4,"4 Electrical Engineering, Electronics & Computer Science",138,4.138 Semiconductor Technology,406,4.138.406 ADC
4,"4 Electrical Engineering, Electronics & Computer Science",138,4.138 Semiconductor Technology,828,4.138.828 Power Amplifier
4,"4 Electrical Engineering, Electronics & Computer Science",138,4.138 Semiconductor Technology,1147,4.138.1147 Heterojunction Bipolar Transistors
4,"4 Electrical Engineering, Electronics & Computer Science",138,4.138 Semiconductor Technology,1329,4.138.1329 Digital Filters
4,"4 Electrical Engineering, Electronics & Computer Science",138,4.138 Semiconductor Technology,1669,4.138.1669 CMOS Image Sensor
4,"4 Electrical Engineering, Electronics & Computer Science",138,4.138 Semiconductor Technology,2200,4.138.2200 Electrostatic Discharge
4,"4 Electrical Engineering, Electronics & Computer Science",169,4.169 Remote Sensing,91,4.169.91 NDVI
4,"4 Electrical Engineering, Electronics & Computer Science",169,4.169 Remote Sensing,667,4.169.667 Synthetic Aperture Radar
4,"4 Electrical Engineering, Electronics & Computer Science",169,4.169 Remote Sensing,1045,4.169.1045 Lidar
4,"4 Electrical Engineering, Electronics & Computer Science",169,4.169 Remote Sensing,1321,4.169.1321 Ocean Color
4,"4 Electrical Engineering, Electronics & Computer Science",169,4.169 Remote Sensing,2376,4.169.2376 Light Pollution
4,"4 Electrical Engineering, Electronics & Computer Science",174,4.174 Digital Signal Processing,152,4.174.152 Speech Recognition
4,"4 Electrical Engineering, Electronics & Computer Science",174,4.174 Digital Signal Processing,491,4.174.491 DOA Estimation
4,"4 Electrical Engineering, Electronics & Computer Science",174,4.174 Digital Signal Processing,776,4.174.776 Blind Source Separation
4,"4 Electrical Engineering, Electronics & Computer Science",174,4.174 Digital Signal Processing,1417,4.174.1417 Fractional Fourier Transform
4,"4 Electrical Engineering, Electronics & Computer Science",174,4.174 Digital Signal Processing,2147,4.174.2147 Phonocardiogram
4,"4 Electrical Engineering, Electronics & Computer Science",182,"4.182 Data Structures, Algorithms & Complexity",125,4.182.125 Graphs
4,"4 Electrical Engineering, Electronics & Computer Science",182,"4.182 Data Structures, Algorithms & Complexity",1103,4.182.1103 String Matching
4,"4 Electrical Engineering, Electronics & Computer Science",182,"4.182 Data Structures, Algorithms & Complexity",1226,4.182.1226 Computability
4,"4 Electrical Engineering, Electronics & Computer Science",182,"4.182 Data Structures, Algorithms & Complexity",1512,4.182.1512 Computational Geometry
4,"4 Electrical Engineering, Electronics & Computer Science",182,"4.182 Data Structures, Algorithms & Complexity",2234,4.182.2234 Additive Number Theory
4,"4 Electrical Engineering, Electronics & Computer Science",182,"4.182 Data Structures, Algorithms & Complexity",2277,4.182.2277 Secretary Problem
4,"4 Electrical Engineering, Electronics & Computer Science",182,"4.182 Data Structures, Algorithms & Complexity",2362,4.182.2362 Group Testing
4,"4 Electrical Engineering, Electronics & Computer Science",183,4.183 Transportation,486,4.183.486 Traffic Flow
4,"4 Electrical Engineering, Electronics & Computer Science",183,4.183 Transportation,495,4.183.495 Travel Behavior
4,"4 Electrical Engineering, Electronics & Computer Science",183,4.183 Transportation,669,4.183.669 Road Safety
4,"4 Electrical Engineering, Electronics & Computer Science",183,4.183 Transportation,1781,4.183.1781 Airlines
4,"4 Electrical Engineering, Electronics & Computer Science",183,4.183 Transportation,1813,4.183.1813 Crowd Simulation
4,"4 Electrical Engineering, Electronics & Computer Science",183,4.183 Transportation,2127,4.183.2127 Train Scheduling
4,"4 Electrical Engineering, Electronics & Computer Science",187,4.187 Security Systems,160,4.187.160 Random Oracle Model
4,"4 Electrical Engineering, Electronics & Computer Science",187,4.187 Security Systems,1171,4.187.1171 Block Cipher
4,"4 Electrical Engineering, Electronics & Computer Science",187,4.187 Security Systems,1404,4.187.1404 Malware
4,"4 Electrical Engineering, Electronics & Computer Science",187,4.187 Security Systems,1592,4.187.1592 Phishing
4,"4 Electrical Engineering, Electronics & Computer Science",187,4.187 Security Systems,1634,4.187.1634 RFid
4,"4 Electrical Engineering, Electronics & Computer Science",187,4.187 Security Systems,1702,4.187.1702 Differential Privacy
4,"4 Electrical Engineering, Electronics & Computer Science",187,4.187 Security Systems,2488,4.187.2488 Specific Emitter Identification
4,"4 Electrical Engineering, Electronics & Computer Science",187,4.187 Security Systems,2766,4.187.2766 Blockchain
4,"4 Electrical Engineering, Electronics & Computer Science",206,4.206 Models of Computation,620,4.206.620 SRAM
4,"4 Electrical Engineering, Electronics & Computer Science",206,4.206 Models of Computation,819,4.206.819 Signal Integrity
4,"4 Electrical Engineering, Electronics & Computer Science",206,4.206 Models of Computation,1046,4.206.1046 Self Testing
4,"4 Electrical Engineering, Electronics & Computer Science",206,4.206 Models of Computation,1174,4.206.1174 Soft Errors
4,"4 Electrical Engineering, Electronics & Computer Science",206,4.206 Models of Computation,1653,4.206.1653 Cellular Automata
4,"4 Electrical Engineering, Electronics & Computer Science",206,4.206 Models of Computation,2335,4.206.2335 Analog Circuits
4,"4 Electrical Engineering, Electronics & Computer Science",224,4.224 Design & Manufacturing,599,4.224.599 Project Scheduling
4,"4 Electrical Engineering, Electronics & Computer Science",224,4.224 Design & Manufacturing,715,4.224.715 Design Education
4,"4 Electrical Engineering, Electronics & Computer Science",224,4.224 Design & Manufacturing,1040,4.224.1040 Industry 4.0
4,"4 Electrical Engineering, Electronics & Computer Science",224,4.224 Design & Manufacturing,1307,4.224.1307 Process Planning
4,"4 Electrical Engineering, Electronics & Computer Science",237,4.237 Safety & Maintenance,651,4.237.651 Preventive Maintenance
4,"4 Electrical Engineering, Electronics & Computer Science",237,4.237 Safety & Maintenance,911,4.237.911 Safety Climate
4,"4 Electrical Engineering, Electronics & Computer Science",237,4.237 Safety & Maintenance,1238,4.237.1238 Situation Awareness
4,"4 Electrical Engineering, Electronics & Computer Science",237,4.237 Safety & Maintenance,2201,4.237.2201 Maritime Safety
4,"4 Electrical Engineering, Electronics & Computer Science",237,4.237 Safety & Maintenance,2344,4.237.2344 Game Theory
4,"4 Electrical Engineering, Electronics & Computer Science",284,4.284 Human Computer Interaction,1027,4.284.1027 Augmented Reality
4,"4 Electrical Engineering, Electronics & Computer Science",284,4.284 Human Computer Interaction,1210,4.284.1210 Public Displays
4,"4 Electrical Engineering, Electronics & Computer Science",284,4.284 Human Computer Interaction,2778,4.284.2778 Artificial Intelligence
4,"4 Electrical Engineering, Electronics & Computer Science",289,4.289 Biophotonics & Electromagnetic Field Safety,731,4.289.731 Electromagnetic Fields
4,"4 Electrical Engineering, Electronics & Computer Science",289,4.289 Biophotonics & Electromagnetic Field Safety,2436,4.289.2436 Biophotons
4,"4 Electrical Engineering, Electronics & Computer Science",293,4.293 Communication Protocols,1142,4.293.1142 Cyclic Codes
4,"4 Electrical Engineering, Electronics & Computer Science",293,4.293 Communication Protocols,1569,4.293.1569 OCDMA
4,"4 Electrical Engineering, Electronics & Computer Science",299,4.299 Electrical Protection,1009,4.299.1009 Lightning
4,"4 Electrical Engineering, Electronics & Computer Science",299,4.299 Electrical Protection,2295,4.299.2295 Ampacity
4,"4 Electrical Engineering, Electronics & Computer Science",322,4.322 Remote Research & Education,1428,4.322.1428 Remote Laboratory
4,"4 Electrical Engineering, Electronics & Computer Science",322,4.322 Remote Research & Education,2384,4.322.2384 Sign Comprehension
5,5 Physics,9,5.9 Particles & Fields,12,5.9.12 Dark Energy
5,5 Physics,9,5.9 Particles & Fields,19,5.9.19 Standard Model
5,5 Physics,9,5.9 Particles & Fields,51,5.9.51 AdS-CFT Correspondence
5,5 Physics,9,5.9 Particles & Fields,73,5.9.73 Nucleon
5,5 Physics,9,5.9 Particles & Fields,225,5.9.225 Lattice QCD
5,5 Physics,9,5.9 Particles & Fields,398,5.9.398 Neutrinos
5,5 Physics,9,5.9 Particles & Fields,428,5.9.428 Heavy Ion Collisions
5,5 Physics,9,5.9 Particles & Fields,746,5.9.746 Gravitational Waves
5,5 Physics,9,5.9 Particles & Fields,1237,5.9.1237 Loop Quantum Gravity
5,5 Physics,9,5.9 Particles & Fields,1997,5.9.1997 Axions
5,5 Physics,20,5.20 Astronomy & Astrophysics,4,5.20.4 Galaxies
5,5 Physics,20,5.20 Astronomy & Astrophysics,17,5.20.17 Stars
5,5 Physics,20,5.20 Astronomy & Astrophysics,102,5.20.102 Star Formation
5,5 Physics,20,5.20 Astronomy & Astrophysics,156,5.20.156 X-Rays: Binaries
5,5 Physics,20,5.20 Astronomy & Astrophysics,825,5.20.825 Cosmic Rays
5,5 Physics,20,5.20 Astronomy & Astrophysics,932,5.20.932 Gamma Ray Bursts
5,5 Physics,20,5.20 Astronomy & Astrophysics,1114,5.20.1114 Planetary Systems
5,5 Physics,20,5.20 Astronomy & Astrophysics,2289,5.20.2289 Radio Astronomy
5,5 Physics,30,5.30 Superconductor Science,21,5.30.21 Critical Current Density
5,5 Physics,30,5.30 Superconductor Science,187,5.30.187 Cuprates
5,5 Physics,30,5.30 Superconductor Science,241,5.30.241 Kondo Effect
5,5 Physics,30,5.30 Superconductor Science,481,5.30.481 Spin Gap
5,5 Physics,30,5.30 Superconductor Science,755,5.30.755 Topological Insulators
5,5 Physics,30,5.30 Superconductor Science,769,5.30.769 Superconducting Magnets
5,5 Physics,30,5.30 Superconductor Science,821,5.30.821 Organic Conductors
5,5 Physics,30,5.30 Superconductor Science,929,5.30.929 Josephson Junctions
5,5 Physics,30,5.30 Superconductor Science,1343,5.30.1343 Zintl Phases
5,5 Physics,30,5.30 Superconductor Science,1620,5.30.1620 Iron-Based Superconductors
5,5 Physics,31,5.31 Silicon Systems,186,5.31.186 Porous Silicon
5,5 Physics,31,5.31 Silicon Systems,272,5.31.272 MOSFET
5,5 Physics,31,5.31 Silicon Systems,307,5.31.307 Deep Level Transient Spectroscopy
5,5 Physics,31,5.31 Silicon Systems,533,5.31.533 4H-SiC
5,5 Physics,31,5.31 Silicon Systems,871,5.31.871 Scanning Tunneling Microscopy
5,5 Physics,31,5.31 Silicon Systems,937,5.31.937 Silicon Nanowires
5,5 Physics,31,5.31 Silicon Systems,981,5.31.981 Thin Film Transistors
5,5 Physics,31,5.31 Silicon Systems,1162,5.31.1162 Silicon Solar Cells
5,5 Physics,31,5.31 Silicon Systems,1233,5.31.1233 Ideality Factor
5,5 Physics,31,5.31 Silicon Systems,1466,5.31.1466 Beta-FeSi2
5,5 Physics,31,5.31 Silicon Systems,1635,5.31.1635 Atomic Layer Deposition
5,5 Physics,33,5.33 Semiconductor Physics,18,5.33.18 GaAs
5,5 Physics,33,5.33 Semiconductor Physics,75,5.33.75 GaN
5,5 Physics,33,5.33 Semiconductor Physics,329,5.33.329 Quantum Hall Effect
5,5 Physics,33,5.33 Semiconductor Physics,632,5.33.632 Magnetic Semiconductors
5,5 Physics,33,5.33 Semiconductor Physics,1024,5.33.1024 Quantum Wells
5,5 Physics,33,5.33 Semiconductor Physics,1041,5.33.1041 HgCdTe
5,5 Physics,33,5.33 Semiconductor Physics,1296,5.33.1296 Excitons
5,5 Physics,33,5.33 Semiconductor Physics,1354,5.33.1354 Gainnas
5,5 Physics,33,5.33 Semiconductor Physics,1505,5.33.1505 ZnSe
5,5 Physics,38,5.38 Optical Electronics & Engineering,121,5.38.121 Optical Communication
5,5 Physics,38,5.38 Optical Electronics & Engineering,198,5.38.198 Silicon Photonics
5,5 Physics,38,5.38 Optical Electronics & Engineering,232,5.38.232 Fiber Bragg Grating
5,5 Physics,38,5.38 Optical Electronics & Engineering,505,5.38.505 Photonic Crystal Fiber
5,5 Physics,38,5.38 Optical Electronics & Engineering,506,5.38.506 Fiber Lasers
5,5 Physics,38,5.38 Optical Electronics & Engineering,520,5.38.520 Semiconductor Lasers
5,5 Physics,38,5.38 Optical Electronics & Engineering,855,5.38.855 LiNbO3
5,5 Physics,38,5.38 Optical Electronics & Engineering,991,5.38.991 Photonic Crystals
5,5 Physics,38,5.38 Optical Electronics & Engineering,1180,5.38.1180 Microwave Photonics
5,5 Physics,56,5.56 Quantum Mechanics,9,5.56.9 Entanglement
5,5 Physics,56,5.56 Quantum Mechanics,325,5.56.325 Bose-Einstein Condensate
5,5 Physics,56,5.56 Quantum Mechanics,706,5.56.706 Quantum Chaos
5,5 Physics,56,5.56 Quantum Mechanics,758,5.56.758 Electromagnetically Induced Transparency
5,5 Physics,56,5.56 Quantum Mechanics,1071,5.56.1071 Superconducting Qubits
5,5 Physics,56,5.56 Quantum Mechanics,1105,5.56.1105 PT Symmetry
5,5 Physics,56,5.56 Quantum Mechanics,1280,5.56.1280 Entropy
5,5 Physics,56,5.56 Quantum Mechanics,1673,5.56.1673 Geometric Phase
5,5 Physics,56,5.56 Quantum Mechanics,1685,5.56.1685 Casimir Force
5,5 Physics,56,5.56 Quantum Mechanics,1742,5.56.1742 MIM Diode
5,5 Physics,56,5.56 Quantum Mechanics,2121,5.56.2121 Goos-Hanchen Shift
5,5 Physics,56,5.56 Quantum Mechanics,2526,5.56.2526 Quantum Walks
5,5 Physics,77,5.77 Applied Physics,20,5.77.20 Ferroeletrics
5,5 Physics,77,5.77 Applied Physics,196,5.77.196 Multiferroics
5,5 Physics,77,5.77 Applied Physics,285,5.77.285 Solid Oxide Fuel Cell
5,5 Physics,77,5.77 Applied Physics,457,5.77.457 Manganites
5,5 Physics,77,5.77 Applied Physics,1572,5.77.1572 Microwave Dielectric Properties
5,5 Physics,77,5.77 Applied Physics,2093,5.77.2093 Varistors
5,5 Physics,77,5.77 Applied Physics,2360,5.77.2360 Ferromagnetism
5,5 Physics,88,5.88 Electromagnetism,109,5.88.109 Exchange Bias
5,5 Physics,88,5.88 Electromagnetism,317,5.88.317 Metallic Glasses
5,5 Physics,88,5.88 Electromagnetism,418,5.88.418 X-ray Reflectivity
5,5 Physics,88,5.88 Electromagnetism,1063,5.88.1063 Coercivity
5,5 Physics,88,5.88 Electromagnetism,1154,5.88.1154 Magnetocaloric Effect
5,5 Physics,88,5.88 Electromagnetism,1216,5.88.1216 Magnetostriction
5,5 Physics,88,5.88 Electromagnetism,1663,5.88.1663 Ferrites
5,5 Physics,88,5.88 Electromagnetism,1772,5.88.1772 Nuclear Resonant Scattering
5,5 Physics,88,5.88 Electromagnetism,1923,5.88.1923 Magnetoimpedance
5,5 Physics,98,5.98 Geometrical Optics,523,5.98.523 Orbital Angular Momentum
5,5 Physics,98,5.98 Geometrical Optics,640,5.98.640 Fringe Projection
5,5 Physics,98,5.98 Geometrical Optics,854,5.98.854 Adaptive Optics
5,5 Physics,98,5.98 Geometrical Optics,927,5.98.927 Diffraction Efficiency
5,5 Physics,98,5.98 Geometrical Optics,963,5.98.963 Phase Retrieval
5,5 Physics,98,5.98 Geometrical Optics,1073,5.98.1073 Digital Holography
5,5 Physics,98,5.98 Geometrical Optics,1143,5.98.1143 Visible Light Communication
5,5 Physics,98,5.98 Geometrical Optics,1436,5.98.1436 Joint Transform Correlator
5,5 Physics,98,5.98 Geometrical Optics,1921,5.98.1921 Optical Design
5,5 Physics,98,5.98 Geometrical Optics,2252,5.98.2252 Acousto-Optics
5,5 Physics,107,5.107 Laser Science,209,5.107.209 Inertial Confinement Fusion
5,5 Physics,107,5.107 Laser Science,439,5.107.439 Laser-Induced Breakdown Spectroscopy
5,5 Physics,107,5.107 Laser Science,475,5.107.475 High-Order Harmonic Generation
5,5 Physics,107,5.107 Laser Science,840,5.107.840 Free Electron Laser
5,5 Physics,107,5.107 Laser Science,1062,5.107.1062 Gyrotron
5,5 Physics,107,5.107 Laser Science,1352,5.107.1352 Plasma Focus
5,5 Physics,107,5.107 Laser Science,1832,5.107.1832 ECR Ion Source
5,5 Physics,131,5.131 Meteorological & Atmospheric Sciences,81,5.131.81 Solar Wind
5,5 Physics,131,5.131 Meteorological & Atmospheric Sciences,331,5.131.331 Magnetosphere
5,5 Physics,131,5.131 Meteorological & Atmospheric Sciences,458,5.131.458 Ionosphere
5,5 Physics,131,5.131 Meteorological & Atmospheric Sciences,1131,5.131.1131 Dusty Plasma
5,5 Physics,131,5.131 Meteorological & Atmospheric Sciences,1951,5.131.1951 Mechanoluminescence
5,5 Physics,135,5.135 Nuclear Physics,37,5.135.37 Nuclear Matter
5,5 Physics,135,5.135 Nuclear Physics,526,5.135.526 High-Spin States
5,5 Physics,135,5.135 Nuclear Physics,623,5.135.623 Fission
5,5 Physics,135,5.135 Nuclear Physics,1382,5.135.1382 Ultracold Neutrons
5,5 Physics,135,5.135 Nuclear Physics,1550,5.135.1550 Neutron Spectrometry
5,5 Physics,188,"5.188 Deposition, Hardening & Coating",262,5.188.262 Diamond
5,5 Physics,188,"5.188 Deposition, Hardening & Coating",318,5.188.318 Plasma Nitriding
5,5 Physics,188,"5.188 Deposition, Hardening & Coating",1290,5.188.1290 Electromigration
5,5 Physics,188,"5.188 Deposition, Hardening & Coating",2055,5.188.2055 Glancing Angle Deposition
5,5 Physics,191,5.191 Space Sciences,151,5.191.151 Asteroids
5,5 Physics,191,5.191 Space Sciences,792,5.191.792 Space Debris
5,5 Physics,191,5.191 Space Sciences,995,5.191.995 Mars
5,5 Physics,191,5.191 Space Sciences,1318,5.191.1318 Outer Planets
5,5 Physics,191,5.191 Space Sciences,2372,5.191.2372 Space Policy
5,5 Physics,193,5.193 Thermoelectric Materials,346,5.193.346 Thermoelectric Properties
5,5 Physics,193,5.193 Thermoelectric Materials,405,5.193.405 CIGS
5,5 Physics,193,5.193 Thermoelectric Materials,702,5.193.702 Chalcogenide Glasses
5,5 Physics,193,5.193 Thermoelectric Materials,1751,5.193.1751 SbSI
5,5 Physics,200,5.200 Nuclear Fusion,58,5.200.58 Tokamak
5,5 Physics,200,5.200 Nuclear Fusion,593,5.200.593 Neutron Irradiation
5,5 Physics,200,5.200 Nuclear Fusion,1596,5.200.1596 Positronium
5,5 Physics,202,5.202 Plasma Physics,388,5.202.388 Dielectric Barrier Discharge
5,5 Physics,202,5.202 Plasma Physics,634,5.202.634 Plasma Etching
5,5 Physics,202,5.202 Plasma Physics,1300,5.202.1300 Chemical Oxygen-Iodine Laser
5,5 Physics,202,5.202 Plasma Physics,1376,5.202.1376 Vacuum Arc
5,5 Physics,202,5.202 Plasma Physics,1944,5.202.1944 Electrohydrodynamics
5,5 Physics,202,5.202 Plasma Physics,2258,5.202.2258 Railguns
5,5 Physics,214,5.214 Statistical Mechanics,210,5.214.210 Ising Model
5,5 Physics,214,5.214 Statistical Mechanics,1139,5.214.1139 Superfluid Helium
5,5 Physics,214,5.214 Statistical Mechanics,1381,5.214.1381 Surface Diffusion
5,5 Physics,214,5.214 Statistical Mechanics,1798,5.214.1798 Cahn-Hilliard Equation
5,5 Physics,214,5.214 Statistical Mechanics,1906,5.214.1906 Diffusion
5,5 Physics,214,5.214 Statistical Mechanics,2356,5.214.2356 Self-Organized Criticality
5,5 Physics,221,5.221 Nuclear Instruments,572,5.221.572 Stopping Power
5,5 Physics,221,5.221 Nuclear Instruments,1034,5.221.1034 Electron Tomography
5,5 Physics,221,5.221 Nuclear Instruments,1230,5.221.1230 Mass Attenuation Coefficient
5,5 Physics,221,5.221 Nuclear Instruments,1581,5.221.1581 Backscattered Electrons
5,5 Physics,221,5.221 Nuclear Instruments,1918,5.221.1918 Focused Ion Beam
5,5 Physics,221,5.221 Nuclear Instruments,2064,5.221.2064 Channeling Radiation
5,5 Physics,221,5.221 Nuclear Instruments,2254,5.221.2254 CR-39
5,5 Physics,230,5.230 Solitons,124,5.230.124 Solitons
5,5 Physics,230,5.230 Solitons,1129,5.230.1129 Spatial Solitons
5,5 Physics,230,5.230 Solitons,1586,5.230.1586 Conserved Quantity
5,5 Physics,250,5.250 Imaging & Tomography,747,5.250.747 Diffuse Optical Tomography
5,5 Physics,250,5.250 Imaging & Tomography,1350,5.250.1350 Optical Coherence Tomography
5,5 Physics,250,5.250 Imaging & Tomography,1576,5.250.1576 Mueller Matrix
5,5 Physics,250,5.250 Imaging & Tomography,1760,5.250.1760 Speckle Contrast
5,5 Physics,250,5.250 Imaging & Tomography,1881,5.250.1881 Photoacoustic Imaging
5,5 Physics,295,5.295 Lithography,709,5.295.709 Lithography
5,5 Physics,302,5.302 Instrumentation,1765,5.302.1765 Avogadro Constant
5,5 Physics,302,5.302 Instrumentation,1766,5.302.1766 ITS-90
5,5 Physics,302,5.302 Instrumentation,2291,5.302.2291 Outgassing Rate
5,5 Physics,310,5.310 Resistive Switching,1164,5.310.1164 Resistive Switching
5,5 Physics,318,5.318 Physics Education,1738,5.318.1738 Special Relativity
5,5 Physics,318,5.318 Physics Education,2105,5.318.2105 Physics Teachers
5,5 Physics,318,5.318 Physics Education,2228,5.318.2228 Hands-On Learning/Manipulatives
5,5 Physics,318,5.318 Physics Education,2337,5.318.2337 Periodic Table
5,5 Physics,319,5.319 Quasicrystals,1315,5.319.1315 Quasicrystals
6,6 Social Sciences,3,6.3 Management,2,6.3.2 Knowledge Management
6,6 Social Sciences,3,6.3 Management,48,6.3.48 Job Satisfaction
6,6 Social Sciences,3,6.3 Management,65,6.3.65 Customer Satisfaction
6,6 Social Sciences,3,6.3 Management,343,6.3.343 Social Movements
6,6 Social Sciences,3,6.3 Management,368,6.3.368 Technology Acceptance Model
6,6 Social Sciences,3,6.3 Management,385,6.3.385 Corporate Social Responsibility
6,6 Social Sciences,3,6.3 Management,726,6.3.726 Entrepreneurship
6,6 Social Sciences,3,6.3 Management,744,6.3.744 Trade Unions
6,6 Social Sciences,3,6.3 Management,1229,6.3.1229 Internationalization
6,6 Social Sciences,3,6.3 Management,1388,6.3.1388 Business Ethics
6,6 Social Sciences,3,6.3 Management,1467,6.3.1467 Academic Entrepreneurship
6,6 Social Sciences,3,6.3 Management,1667,6.3.1667 Six Sigma
6,6 Social Sciences,3,6.3 Management,1691,6.3.1691 Intellectual Capital
6,6 Social Sciences,3,6.3 Management,1731,6.3.1731 Computer-supported Cooperative Work
6,6 Social Sciences,3,6.3 Management,2037,6.3.2037 Negotiation
6,6 Social Sciences,3,6.3 Management,2135,6.3.2135 Sharing Economy
6,6 Social Sciences,10,6.10 Economics,22,6.10.22 Monetary Policy
6,6 Social Sciences,10,6.10 Economics,63,6.10.63 Corporate Governance
6,6 Social Sciences,10,6.10 Economics,80,6.10.80 Option Pricing
6,6 Social Sciences,10,6.10 Economics,82,6.10.82 Economic Growth
6,6 Social Sciences,10,6.10 Economics,373,6.10.373 Ruin Probability
6,6 Social Sciences,10,6.10 Economics,465,6.10.465 International Trade
6,6 Social Sciences,10,6.10 Economics,502,6.10.502 Data Envelopment Analysis
6,6 Social Sciences,10,6.10 Economics,590,6.10.590 Wages
6,6 Social Sciences,10,6.10 Economics,833,6.10.833 Tax Evasion
6,6 Social Sciences,10,6.10 Economics,1076,6.10.1076 Retirement
6,6 Social Sciences,11,6.11 Education & Educational Research,31,6.11.31 Self-Regulated Learning
6,6 Social Sciences,11,6.11 Education & Educational Research,190,6.11.190 Teacher Education
6,6 Social Sciences,11,6.11 Education & Educational Research,295,6.11.295 Science Education
6,6 Social Sciences,11,6.11 Education & Educational Research,333,6.11.333 Digital Learning
6,6 Social Sciences,11,6.11 Education & Educational Research,345,6.11.345 School Leadership
6,6 Social Sciences,11,6.11 Education & Educational Research,666,6.11.666 Intergenerational Mobility
6,6 Social Sciences,11,6.11 Education & Educational Research,882,6.11.882 Critical Pedagogy
6,6 Social Sciences,11,6.11 Education & Educational Research,1094,6.11.1094 Medical Education
6,6 Social Sciences,11,6.11 Education & Educational Research,1248,6.11.1248 Creativity
6,6 Social Sciences,11,6.11 Education & Educational Research,1255,6.11.1255 International Students
6,6 Social Sciences,11,6.11 Education & Educational Research,1395,6.11.1395 Learning Styles
6,6 Social Sciences,11,6.11 Education & Educational Research,1506,6.11.1506 Engineering Education
6,6 Social Sciences,11,6.11 Education & Educational Research,1526,6.11.1526 Computational Thinking
6,6 Social Sciences,11,6.11 Education & Educational Research,1544,6.11.1544 Academic Development
6,6 Social Sciences,11,6.11 Education & Educational Research,1859,6.11.1859 Assurance of Learning
6,6 Social Sciences,11,6.11 Education & Educational Research,1889,6.11.1889 Student Evaluation Of Teaching
6,6 Social Sciences,11,6.11 Education & Educational Research,2101,6.11.2101 Critical Thinking
6,6 Social Sciences,11,6.11 Education & Educational Research,2145,6.11.2145 Geography Education
6,6 Social Sciences,11,6.11 Education & Educational Research,2221,6.11.2221 History Education
6,6 Social Sciences,11,6.11 Education & Educational Research,2298,6.11.2298 Mixed Methods Research
6,6 Social Sciences,11,6.11 Education & Educational Research,2312,6.11.2312 Economic Education
6,6 Social Sciences,11,6.11 Education & Educational Research,2332,6.11.2332 Higher Education
6,6 Social Sciences,11,6.11 Education & Educational Research,2357,6.11.2357 Transformative Learning
6,6 Social Sciences,11,6.11 Education & Educational Research,2525,6.11.2525 Open Education Resources
6,6 Social Sciences,24,6.24 Psychiatry & Psychology,15,6.24.15 Parenting
6,6 Social Sciences,24,6.24 Psychiatry & Psychology,93,6.24.93 PTSD
6,6 Social Sciences,24,6.24 Psychiatry & Psychology,379,6.24.379 Psychoanalysis
6,6 Social Sciences,24,6.24 Psychiatry & Psychology,498,6.24.498 Psychotherapy
6,6 Social Sciences,24,6.24 Psychiatry & Psychology,856,6.24.856 Foster Care
6,6 Social Sciences,24,6.24 Psychiatry & Psychology,858,6.24.858 Intimate Partner Violence
6,6 Social Sciences,24,6.24 Psychiatry & Psychology,954,6.24.954 Marital Satisfaction
6,6 Social Sciences,24,6.24 Psychiatry & Psychology,1058,6.24.1058 Bullying
6,6 Social Sciences,24,6.24 Psychiatry & Psychology,1084,6.24.1084 Sexual Assault
6,6 Social Sciences,24,6.24 Psychiatry & Psychology,1266,6.24.1266 Social Work Practice
6,6 Social Sciences,24,6.24 Psychiatry & Psychology,1528,6.24.1528 Early Childhood Education
6,6 Social Sciences,24,6.24 Psychiatry & Psychology,2075,6.24.2075 Community Pediatrics
6,6 Social Sciences,24,6.24 Psychiatry & Psychology,2148,6.24.2148 Milgram
6,6 Social Sciences,27,6.27 Political Science,50,6.27.50 International Relations
6,6 Social Sciences,27,6.27 Political Science,157,6.27.157 Elections
6,6 Social Sciences,27,6.27 Political Science,489,6.27.489 Public Administration
6,6 Social Sciences,27,6.27 Political Science,601,6.27.601 European Union
6,6 Social Sciences,27,6.27 Political Science,793,6.27.793 International Criminal Law
6,6 Social Sciences,27,6.27 Political Science,1433,6.27.1433 World Trade Organization
6,6 Social Sciences,27,6.27 Political Science,1435,6.27.1435 Terrorism
6,6 Social Sciences,27,6.27 Political Science,1440,6.27.1440 Post Polio Syndrome
6,6 Social Sciences,27,6.27 Political Science,1609,6.27.1609 Foreign Aid
6,6 Social Sciences,27,6.27 Political Science,1611,6.27.1611 Volunteering
6,6 Social Sciences,27,6.27 Political Science,1821,6.27.1821 Social Capital
6,6 Social Sciences,27,6.27 Political Science,1894,6.27.1894 Peronism
6,6 Social Sciences,27,6.27 Political Science,1948,6.27.1948 Geoengineering
6,6 Social Sciences,27,6.27 Political Science,2149,6.27.2149 Developmental State
6,6 Social Sciences,27,6.27 Political Science,2282,6.27.2282 Consociationalism
6,6 Social Sciences,27,6.27 Political Science,2328,6.27.2328 Nuclear War
6,6 Social Sciences,27,6.27 Political Science,2365,6.27.2365 Military Service
6,6 Social Sciences,27,6.27 Political Science,2427,6.27.2427 Military Expenditure
6,6 Social Sciences,69,6.69 Language & Linguistics,111,6.69.111 Grammaticalization
6,6 Social Sciences,69,6.69 Language & Linguistics,218,6.69.218 Phonological Awareness
6,6 Social Sciences,69,6.69 Language & Linguistics,342,6.69.342 Language Policy
6,6 Social Sciences,69,6.69 Language & Linguistics,610,6.69.610 Conversation Analysis
6,6 Social Sciences,69,6.69 Language & Linguistics,615,6.69.615 Speech Perception
6,6 Social Sciences,69,6.69 Language & Linguistics,804,6.69.804 Language Documentation
6,6 Social Sciences,69,6.69 Language & Linguistics,1116,6.69.1116 Academic Writing
6,6 Social Sciences,69,6.69 Language & Linguistics,1855,6.69.1855 Metaphor
6,6 Social Sciences,69,6.69 Language & Linguistics,2477,6.69.2477 Voynich Manuscript
6,6 Social Sciences,73,6.73 Social Psychology,130,6.73.130 Persuasion
6,6 Social Sciences,73,6.73 Social Psychology,447,6.73.447 Prejudice
6,6 Social Sciences,73,6.73 Social Psychology,685,6.73.685 Item Response Theory
6,6 Social Sciences,73,6.73 Social Psychology,785,6.73.785 Subjective Well-Being
6,6 Social Sciences,73,6.73 Social Psychology,1166,6.73.1166 Personality
6,6 Social Sciences,73,6.73 Social Psychology,1369,6.73.1369 Evolutionary Psychology
6,6 Social Sciences,73,6.73 Social Psychology,1507,6.73.1507 Environmental Concern
6,6 Social Sciences,73,6.73 Social Psychology,1567,6.73.1567 History Of Psychology
6,6 Social Sciences,73,6.73 Social Psychology,1708,6.73.1708 Career Development
6,6 Social Sciences,73,6.73 Social Psychology,1759,6.73.1759 Autobiographical Memory
6,6 Social Sciences,73,6.73 Social Psychology,1794,6.73.1794 Emotional Intelligence
6,6 Social Sciences,73,6.73 Social Psychology,2034,6.73.2034 Conditional Reasoning
6,6 Social Sciences,73,6.73 Social Psychology,2190,6.73.2190 Moral Judgment
6,6 Social Sciences,73,6.73 Social Psychology,2331,6.73.2331 Health Locus of Control
6,6 Social Sciences,73,6.73 Social Psychology,2396,6.73.2396 Forgiveness
6,6 Social Sciences,73,6.73 Social Psychology,2468,6.73.2468 Social Marketing
6,6 Social Sciences,86,6.86 Human Geography,149,6.86.149 Gentrification
6,6 Social Sciences,86,6.86 Human Geography,280,6.86.280 Agglomeration Economies
6,6 Social Sciences,86,6.86 Human Geography,442,6.86.442 Immigration
6,6 Social Sciences,86,6.86 Human Geography,789,6.86.789 House Prices
6,6 Social Sciences,86,6.86 Human Geography,843,6.86.843 Necropolitics
6,6 Social Sciences,86,6.86 Human Geography,1597,6.86.1597 Photovoice
6,6 Social Sciences,86,6.86 Human Geography,1837,6.86.1837 Racial Democracy
6,6 Social Sciences,86,6.86 Human Geography,2341,6.86.2341 Roma
6,6 Social Sciences,86,6.86 Human Geography,2482,6.86.2482 Island Studies
6,6 Social Sciences,110,6.110 Law,45,6.110.45 Supreme Court
6,6 Social Sciences,110,6.110 Law,580,6.110.580 Crime
6,6 Social Sciences,110,6.110 Law,588,6.110.588 Sentencing
6,6 Social Sciences,110,6.110 Law,1117,6.110.1117 Intellectual Property
6,6 Social Sciences,110,6.110 Law,1413,6.110.1413 Bankruptcy
6,6 Social Sciences,110,6.110 Law,1900,6.110.1900 Contract Law
6,6 Social Sciences,110,6.110 Law,2647,6.110.2647 Corporate Criminal Liability
6,6 Social Sciences,115,6.115 Sustainability Science,234,6.115.234 Environmental Kuznets Curve
6,6 Social Sciences,115,6.115 Sustainability Science,284,6.115.284 Thermal Comfort
6,6 Social Sciences,115,6.115 Sustainability Science,880,6.115.880 Renewable Energy
6,6 Social Sciences,115,6.115 Sustainability Science,1181,6.115.1181 Life Cycle Assessment
6,6 Social Sciences,115,6.115 Sustainability Science,1244,6.115.1244 Municipal Solid Waste
6,6 Social Sciences,115,6.115 Sustainability Science,1554,6.115.1554 E-Waste
6,6 Social Sciences,115,6.115 Sustainability Science,1661,6.115.1661 Emergy
6,6 Social Sciences,115,6.115 Sustainability Science,2022,6.115.2022 Turnpike Properties
6,6 Social Sciences,115,6.115 Sustainability Science,2292,6.115.2292 Energy Security
6,6 Social Sciences,122,6.122 Economic Theory,437,6.122.437 Cooperation
6,6 Social Sciences,122,6.122 Economic Theory,451,6.122.451 Auctions
6,6 Social Sciences,122,6.122 Economic Theory,503,6.122.503 Antitrust
6,6 Social Sciences,122,6.122 Economic Theory,1087,6.122.1087 Contingent Valuation
6,6 Social Sciences,122,6.122 Economic Theory,1234,6.122.1234 Adam Smith
6,6 Social Sciences,122,6.122 Economic Theory,1287,6.122.1287 Crop Insurance
6,6 Social Sciences,122,6.122 Economic Theory,1982,6.122.1982 Competitive Balance
6,6 Social Sciences,122,6.122 Economic Theory,2085,6.122.2085 Bass Model
6,6 Social Sciences,146,6.146 Anthropology,734,6.146.734 Anthropology
6,6 Social Sciences,146,6.146 Anthropology,794,6.146.794 Islam
6,6 Social Sciences,146,6.146 Anthropology,842,6.146.842 African National Congress
6,6 Social Sciences,146,6.146 Anthropology,955,6.146.955 Caste
6,6 Social Sciences,146,6.146 Anthropology,1622,6.146.1622 Autoethnography
6,6 Social Sciences,146,6.146 Anthropology,1728,6.146.1728 Artisanal Mining
6,6 Social Sciences,146,6.146 Anthropology,1803,6.146.1803 Kemalism
6,6 Social Sciences,146,6.146 Anthropology,2193,6.146.2193 Coloniality
6,6 Social Sciences,146,6.146 Anthropology,2281,6.146.2281 Medical Travel
6,6 Social Sciences,146,6.146 Anthropology,2370,6.146.2370 Indonesia
6,6 Social Sciences,146,6.146 Anthropology,2411,6.146.2411 Personal Knowledge Management
6,6 Social Sciences,146,6.146 Anthropology,2493,6.146.2493 African Philosophy
6,6 Social Sciences,153,6.153 Climate Change,558,6.153.558 Climate Change Adaptation
6,6 Social Sciences,153,6.153 Climate Change,742,6.153.742 Science Communication
6,6 Social Sciences,153,6.153 Climate Change,850,6.153.850 Water Governance
6,6 Social Sciences,153,6.153 Climate Change,1330,6.153.1330 Water Distribution Systems
6,6 Social Sciences,153,6.153 Climate Change,1452,6.153.1452 Stormwater
6,6 Social Sciences,153,6.153 Climate Change,1804,6.153.1804 Reservoir Operation
6,6 Social Sciences,153,6.153 Climate Change,2109,6.153.2109 The Arctic
6,6 Social Sciences,153,6.153 Climate Change,2168,6.153.2168 Environmental Justice
6,6 Social Sciences,153,6.153 Climate Change,2227,6.153.2227 Strategic Environmental Assessment
6,6 Social Sciences,153,6.153 Climate Change,2274,6.153.2274 Flood Routing
6,6 Social Sciences,153,6.153 Climate Change,2432,6.153.2432 Climate Security
6,6 Social Sciences,178,6.178 Gender & Sexuality Studies,443,6.178.443 Work-Family Conflict
6,6 Social Sciences,178,6.178 Gender & Sexuality Studies,483,6.178.483 LGBTQ+
6,6 Social Sciences,178,6.178 Gender & Sexuality Studies,516,6.178.516 Divorce
6,6 Social Sciences,178,6.178 Gender & Sexuality Studies,1183,6.178.1183 Microfinance
6,6 Social Sciences,185,6.185 Communication,184,6.185.184 Journalism
6,6 Social Sciences,185,6.185 Communication,1004,6.185.1004 Internet Addiction
6,6 Social Sciences,185,6.185 Communication,1390,6.185.1390 Video Games
6,6 Social Sciences,185,6.185 Communication,1644,6.185.1644 Privacy
6,6 Social Sciences,185,6.185 Communication,1707,6.185.1707 Rhetoric
6,6 Social Sciences,185,6.185 Communication,1966,6.185.1966 Public Relations
6,6 Social Sciences,185,6.185 Communication,2501,6.185.2501 Wikipedia
6,6 Social Sciences,185,6.185 Communication,2634,6.185.2634 Fake News Detection
6,6 Social Sciences,223,"6.223 Hospitality, Leisure, Sport & Tourism",247,6.223.247 Tourism
6,6 Social Sciences,223,"6.223 Hospitality, Leisure, Sport & Tourism",961,6.223.961 Sport
6,6 Social Sciences,223,"6.223 Hospitality, Leisure, Sport & Tourism",972,6.223.972 Place Attachment
6,6 Social Sciences,223,"6.223 Hospitality, Leisure, Sport & Tourism",2367,6.223.2367 Performing Arts Medicine
6,6 Social Sciences,223,"6.223 Hospitality, Leisure, Sport & Tourism",2522,6.223.2522 Geotourism & Geoheritage
6,6 Social Sciences,238,"6.238 Bibliometrics, Scientometrics & Research Integrity",166,6.238.166 Bibliometrics
6,6 Social Sciences,238,"6.238 Bibliometrics, Scientometrics & Research Integrity",1700,6.238.1700 Physician-Scientists
6,6 Social Sciences,238,"6.238 Bibliometrics, Scientometrics & Research Integrity",1790,6.238.1790 Plagiarism
6,6 Social Sciences,256,6.256 Religion,525,6.256.525 Spirituality
6,6 Social Sciences,256,6.256 Religion,1835,6.256.1835 Theology
6,6 Social Sciences,256,6.256 Religion,2174,6.256.2174 Parapsychology
6,6 Social Sciences,256,6.256 Religion,2273,6.256.2273 Panentheism
6,6 Social Sciences,256,6.256 Religion,2325,6.256.2325 Religious Studies
6,6 Social Sciences,256,6.256 Religion,2361,6.256.2361 Religious Education
6,6 Social Sciences,263,6.263 Agricultural Policy,898,6.263.898 Farmers
6,6 Social Sciences,263,6.263 Agricultural Policy,1407,6.263.1407 Urban Agriculture
6,6 Social Sciences,263,6.263 Agricultural Policy,1720,6.263.1720 Edible Insects
6,6 Social Sciences,263,6.263 Agricultural Policy,1910,6.263.1910 Contract Farming
6,6 Social Sciences,269,6.269 Political Philosophy,1694,6.269.1694 Deleuze
6,6 Social Sciences,269,6.269 Political Philosophy,1833,6.269.1833 Anthropocene
6,6 Social Sciences,269,6.269 Political Philosophy,1929,6.269.1929 Environmental Ethics
6,6 Social Sciences,269,6.269 Political Philosophy,1979,6.269.1979 Marxism
6,6 Social Sciences,269,6.269 Political Philosophy,2115,6.269.2115 Badiou
6,6 Social Sciences,269,6.269 Political Philosophy,2132,6.269.2132 Hannah Arendt
6,6 Social Sciences,269,6.269 Political Philosophy,2243,6.269.2243 Foucault
6,6 Social Sciences,269,6.269 Political Philosophy,2426,6.269.2426 Nietzsche
6,6 Social Sciences,269,6.269 Political Philosophy,2443,6.269.2443 Philosophy for Children
6,6 Social Sciences,277,6.277 Asian Studies,722,6.277.722 China
6,6 Social Sciences,277,6.277 Asian Studies,1672,6.277.1672 Japan and Korea
6,6 Social Sciences,277,6.277 Asian Studies,1911,6.277.1911 Zhuangzi
6,6 Social Sciences,277,6.277 Asian Studies,2454,6.277.2454 Umbrella Movement
6,6 Social Sciences,277,6.277 Asian Studies,2456,6.277.2456 Mongols
6,6 Social Sciences,288,6.288 Information & Library Science,1782,6.288.1782 Interlending
6,6 Social Sciences,288,6.288 Information & Library Science,2091,6.288.2091 Records Management
6,6 Social Sciences,288,6.288 Information & Library Science,2155,6.288.2155 Digital Humanities
6,6 Social Sciences,288,6.288 Information & Library Science,2368,6.288.2368 Federal Depository Library Program
6,6 Social Sciences,294,6.294 Operations Research & Management Science,1626,6.294.1626 Systems Thinking
6,6 Social Sciences,294,6.294 Operations Research & Management Science,1807,6.294.1807 Foresight
6,6 Social Sciences,294,6.294 Operations Research & Management Science,1808,6.294.1808 Distributed Simulation
6,6 Social Sciences,294,6.294 Operations Research & Management Science,2466,6.294.2466 Fuzzy Cognitive Maps
6,6 Social Sciences,303,6.303 Sociology,1915,6.303.1915 Public Sociology
6,6 Social Sciences,303,6.303 Sociology,2088,6.303.2088 Weber
6,6 Social Sciences,303,6.303 Sociology,2393,6.303.2393 Social Policies
6,6 Social Sciences,303,6.303 Sociology,2402,6.303.2402 Geodiversity
6,6 Social Sciences,303,6.303 Sociology,2437,6.303.2437 Educational Science
6,6 Social Sciences,303,6.303 Sociology,2490,6.303.2490 Sociology of Time
6,6 Social Sciences,314,6.314 Homelessness & Human Trafficking,1762,6.314.1762 Homelessness
6,6 Social Sciences,314,6.314 Homelessness & Human Trafficking,1945,6.314.1945 Human Trafficking
6,6 Social Sciences,316,6.316 Folklore & Humor,1902,6.316.1902 Folklore
6,6 Social Sciences,316,6.316 Folklore & Humor,1968,6.316.1968 Humor
6,6 Social Sciences,317,6.317 Risk Assessment,2212,6.317.2212 Resource Extraction
6,6 Social Sciences,317,6.317 Risk Assessment,2322,6.317.2322 Communication
6,6 Social Sciences,317,6.317 Risk Assessment,2395,6.317.2395 Diminishing Manufacturing Sources
6,6 Social Sciences,317,6.317 Risk Assessment,2405,6.317.2405 Mining
6,6 Social Sciences,317,6.317 Risk Assessment,2518,6.317.2518 Sustainable Development
6,6 Social Sciences,321,6.321 Social Reform,2061,6.321.2061 Integral Individuality
6,6 Social Sciences,321,6.321 Social Reform,2366,6.321.2366 Urban Underground Space
6,6 Social Sciences,321,6.321 Social Reform,2422,6.321.2422 Russian Society
6,6 Social Sciences,321,6.321 Social Reform,2444,6.321.2444 Open Data
7,7 Engineering & Materials Science,12,7.12 Metallurgical Engineering,88,7.12.88 Severe Plastic Deformation
7,7 Engineering & Materials Science,12,7.12 Metallurgical Engineering,223,7.12.223 Fatigue Crack Growth
7,7 Engineering & Materials Science,12,7.12 Metallurgical Engineering,409,7.12.409 Friction Stir Welding
7,7 Engineering & Materials Science,12,7.12 Metallurgical Engineering,417,7.12.417 Retained Austenite
7,7 Engineering & Materials Science,12,7.12 Metallurgical Engineering,494,7.12.494 Solidification
7,7 Engineering & Materials Science,12,7.12 Metallurgical Engineering,595,7.12.595 Springback
7,7 Engineering & Materials Science,12,7.12 Metallurgical Engineering,608,7.12.608 Magnesium Alloy
7,7 Engineering & Materials Science,12,7.12 Metallurgical Engineering,665,7.12.665 Titanium Aluminides
7,7 Engineering & Materials Science,12,7.12 Metallurgical Engineering,717,7.12.717 Metal Matrix Composites
7,7 Engineering & Materials Science,12,7.12 Metallurgical Engineering,1006,7.12.1006 Dynamic Recrystallization
7,7 Engineering & Materials Science,12,7.12 Metallurgical Engineering,1067,7.12.1067 Creep
7,7 Engineering & Materials Science,12,7.12 Metallurgical Engineering,1288,7.12.1288 Superalloy
7,7 Engineering & Materials Science,12,7.12 Metallurgical Engineering,1410,7.12.1410 Discontinuous Precipitation
7,7 Engineering & Materials Science,12,7.12 Metallurgical Engineering,1534,7.12.1534 Titanium Alloys
7,7 Engineering & Materials Science,12,7.12 Metallurgical Engineering,1698,7.12.1698 Hydrogen Embrittlement
7,7 Engineering & Materials Science,12,7.12 Metallurgical Engineering,1981,7.12.1981 Shot Peening
7,7 Engineering & Materials Science,12,7.12 Metallurgical Engineering,2052,7.12.2052 Electropulsing
7,7 Engineering & Materials Science,12,7.12 Metallurgical Engineering,2236,7.12.2236 High-Entropy Alloys
7,7 Engineering & Materials Science,57,7.57 Modelling & Simulation,189,7.57.189 Reynolds Number
7,7 Engineering & Materials Science,57,7.57 Modelling & Simulation,340,7.57.340 Euler Equations
7,7 Engineering & Materials Science,57,7.57 Modelling & Simulation,374,7.57.374 Error Estimates
7,7 Engineering & Materials Science,57,7.57 Modelling & Simulation,900,7.57.900 Centrifugal Compressor
7,7 Engineering & Materials Science,57,7.57 Modelling & Simulation,1077,7.57.1077 Vortex Shedding
7,7 Engineering & Materials Science,57,7.57 Modelling & Simulation,1078,7.57.1078 Flapping Wing
7,7 Engineering & Materials Science,57,7.57 Modelling & Simulation,1104,7.57.1104 Isotropic Turbulence
7,7 Engineering & Materials Science,57,7.57 Modelling & Simulation,1159,7.57.1159 Aeroacoustics
7,7 Engineering & Materials Science,57,7.57 Modelling & Simulation,1165,7.57.1165 Lattice Boltzmann Method
7,7 Engineering & Materials Science,57,7.57 Modelling & Simulation,1333,7.57.1333 Vertical Axis Wind Turbine
7,7 Engineering & Materials Science,57,7.57 Modelling & Simulation,1744,7.57.1744 Centrifugal Pump
7,7 Engineering & Materials Science,57,7.57 Modelling & Simulation,2118,7.57.2118 Model Order Reduction
7,7 Engineering & Materials Science,57,7.57 Modelling & Simulation,2773,7.57.2773 Scramjet
7,7 Engineering & Materials Science,63,7.63 Mechanics,181,7.63.181 Free Vibration
7,7 Engineering & Materials Science,63,7.63 Mechanics,367,7.63.367 Delamination
7,7 Engineering & Materials Science,63,7.63 Mechanics,950,7.63.950 Contact Mechanics
7,7 Engineering & Materials Science,63,7.63 Mechanics,970,7.63.970 Nonlocal Elasticity
7,7 Engineering & Materials Science,63,7.63 Mechanics,980,7.63.980 Energy Absorption
7,7 Engineering & Materials Science,63,7.63 Mechanics,1252,7.63.1252 Homogenization
7,7 Engineering & Materials Science,63,7.63 Mechanics,1291,7.63.1291 Fracture Mechanics
7,7 Engineering & Materials Science,63,7.63 Mechanics,1295,7.63.1295 Phononic Crystal
7,7 Engineering & Materials Science,63,7.63 Mechanics,1328,7.63.1328 Topology Optimization
7,7 Engineering & Materials Science,63,7.63 Mechanics,1370,7.63.1370 Meshless Method
7,7 Engineering & Materials Science,63,7.63 Mechanics,1438,7.63.1438 Hyperelasticity
7,7 Engineering & Materials Science,63,7.63 Mechanics,2021,7.63.2021 Axially Moving Beam
7,7 Engineering & Materials Science,63,7.63 Mechanics,2223,7.63.2223 Frictional Contact Problems
7,7 Engineering & Materials Science,63,7.63 Mechanics,2238,7.63.2238 Tensegrity
7,7 Engineering & Materials Science,63,7.63 Mechanics,2423,7.63.2423 Autofrettage
7,7 Engineering & Materials Science,70,7.70 Thermodynamics,219,7.70.219 Nanofluid
7,7 Engineering & Materials Science,70,7.70 Thermodynamics,344,7.70.344 Flow Boiling
7,7 Engineering & Materials Science,70,7.70 Thermodynamics,569,7.70.569 Bubble Column
7,7 Engineering & Materials Science,70,7.70 Thermodynamics,919,7.70.919 Organic Rankine Cycle
7,7 Engineering & Materials Science,70,7.70 Thermodynamics,1128,7.70.1128 Convection
7,7 Engineering & Materials Science,70,7.70 Thermodynamics,1160,7.70.1160 Solar Air Heater
7,7 Engineering & Materials Science,70,7.70 Thermodynamics,1214,7.70.1214 Phase Change Material
7,7 Engineering & Materials Science,70,7.70 Thermodynamics,1455,7.70.1455 Liquid Desiccant
7,7 Engineering & Materials Science,70,7.70 Thermodynamics,1614,7.70.1614 Trickle-Bed Reactors
7,7 Engineering & Materials Science,70,7.70 Thermodynamics,1627,7.70.1627 Supercritical Pressure
7,7 Engineering & Materials Science,70,7.70 Thermodynamics,1693,7.70.1693 Ground Source Heat Pump
7,7 Engineering & Materials Science,70,7.70 Thermodynamics,1709,7.70.1709 Frost Formation
7,7 Engineering & Materials Science,70,7.70 Thermodynamics,2092,7.70.2092 Pulse Tube
7,7 Engineering & Materials Science,70,7.70 Thermodynamics,2153,7.70.2153 Solar Still
7,7 Engineering & Materials Science,109,7.109 Ceramics,308,7.109.308 Ceramic Matrix Composites
7,7 Engineering & Materials Science,109,7.109 Ceramics,589,7.109.589 Zirconia
7,7 Engineering & Materials Science,109,7.109 Ceramics,719,7.109.719 Thermal Barrier Coatings
7,7 Engineering & Materials Science,109,7.109 Ceramics,1110,7.109.1110 Laser Cladding
7,7 Engineering & Materials Science,109,7.109 Ceramics,1250,7.109.1250 MoSi2
7,7 Engineering & Materials Science,109,7.109 Ceramics,1491,7.109.1491 Mullite
7,7 Engineering & Materials Science,109,7.109 Ceramics,1593,7.109.1593 Powder Injection Molding
7,7 Engineering & Materials Science,109,7.109 Ceramics,1875,7.109.1875 Ti3SiC2
7,7 Engineering & Materials Science,109,7.109 Ceramics,1925,7.109.1925 Laminated Glass
7,7 Engineering & Materials Science,109,7.109 Ceramics,2015,7.109.2015 Liquid Phase Sintering
7,7 Engineering & Materials Science,109,7.109 Ceramics,2083,7.109.2083 Boron Carbide
7,7 Engineering & Materials Science,121,7.121 Concrete Science,26,7.121.26 Compressive Strength
7,7 Engineering & Materials Science,121,7.121 Concrete Science,431,7.121.431 Reinforced Concrete
7,7 Engineering & Materials Science,121,7.121 Concrete Science,604,7.121.604 Masonry
7,7 Engineering & Materials Science,121,7.121 Concrete Science,1015,7.121.1015 Progressive Collapse
7,7 Engineering & Materials Science,121,7.121 Concrete Science,2208,7.121.2208 Ultimate Strength
7,7 Engineering & Materials Science,133,7.133 Geotechnical Engineering,114,7.133.114 Liquefaction
7,7 Engineering & Materials Science,133,7.133 Geotechnical Engineering,359,7.133.359 Rock Mechanics
7,7 Engineering & Materials Science,133,7.133 Geotechnical Engineering,964,7.133.964 Landslides
7,7 Engineering & Materials Science,133,7.133 Geotechnical Engineering,986,7.133.986 Unsaturated Soils
7,7 Engineering & Materials Science,133,7.133 Geotechnical Engineering,1916,7.133.1916 Shakedown
7,7 Engineering & Materials Science,133,7.133 Geotechnical Engineering,2076,7.133.2076 Drill String Dynamics
7,7 Engineering & Materials Science,133,7.133 Geotechnical Engineering,2345,7.133.2345 MICP
7,7 Engineering & Materials Science,133,7.133 Geotechnical Engineering,2406,7.133.2406 Electrokinetic Remediation
7,7 Engineering & Materials Science,133,7.133 Geotechnical Engineering,2486,7.133.2486 Internal Erosion
7,7 Engineering & Materials Science,139,7.139 Energy & Fuels,89,7.139.89 Gasification
7,7 Engineering & Materials Science,139,7.139 Energy & Fuels,524,7.139.524 Fluidization
7,7 Engineering & Materials Science,139,7.139 Energy & Fuels,835,7.139.835 CO2 Capture
7,7 Engineering & Materials Science,139,7.139 Energy & Fuels,1647,7.139.1647 Fly Ash
7,7 Engineering & Materials Science,139,7.139 Energy & Fuels,1755,7.139.1755 Hydrocyclone
7,7 Engineering & Materials Science,139,7.139 Energy & Fuels,1825,7.139.1825 Polyacrylonitrile
7,7 Engineering & Materials Science,139,7.139 Energy & Fuels,1964,7.139.1964 Spontaneous Combustion
7,7 Engineering & Materials Science,177,7.177 Combustion,238,7.177.238 Combustion Simulation
7,7 Engineering & Materials Science,177,7.177 Combustion,261,7.177.261 Biodiesel
7,7 Engineering & Materials Science,177,7.177 Combustion,1320,7.177.1320 Dust Explosions
7,7 Engineering & Materials Science,177,7.177 Combustion,1573,7.177.1573 Flame Spread
7,7 Engineering & Materials Science,177,7.177 Combustion,1860,7.177.1860 Radiative Heat Transfer
7,7 Engineering & Materials Science,192,7.192 Testing & Maintenance,650,7.192.650 Damage Detection
7,7 Engineering & Materials Science,192,7.192 Testing & Maintenance,732,7.192.732 Polynomial Chaos
7,7 Engineering & Materials Science,192,7.192 Testing & Maintenance,895,7.192.895 Magnetorheological
7,7 Engineering & Materials Science,192,7.192 Testing & Maintenance,1197,7.192.1197 Wheel-Rail Contact
7,7 Engineering & Materials Science,192,7.192 Testing & Maintenance,1548,7.192.1548 Cable Stayed Bridges
7,7 Engineering & Materials Science,192,7.192 Testing & Maintenance,2019,7.192.2019 Bolted Joints
7,7 Engineering & Materials Science,215,7.215 Friction & Vibration,386,7.215.386 Wear
7,7 Engineering & Materials Science,215,7.215 Friction & Vibration,818,7.215.818 Fault Diagnosis
7,7 Engineering & Materials Science,215,7.215 Friction & Vibration,984,7.215.984 Journal Bearing
7,7 Engineering & Materials Science,215,7.215 Friction & Vibration,1724,7.215.1724 Tooth Contact Analysis
7,7 Engineering & Materials Science,215,7.215 Friction & Vibration,2009,7.215.2009 Head-Disk Interface
7,7 Engineering & Materials Science,226,7.226 Electrical - Sensors & Monitoring,441,7.226.441 Lamb Waves
7,7 Engineering & Materials Science,226,7.226 Electrical - Sensors & Monitoring,1005,7.226.1005 Surface Acoustic Wave
7,7 Engineering & Materials Science,226,7.226 Electrical - Sensors & Monitoring,1316,7.226.1316 Thermal Diffusivity
7,7 Engineering & Materials Science,226,7.226 Electrical - Sensors & Monitoring,1838,7.226.1838 Humidity Sensor
7,7 Engineering & Materials Science,226,7.226 Electrical - Sensors & Monitoring,1897,7.226.1897 Eddy Current Testing
7,7 Engineering & Materials Science,226,7.226 Electrical - Sensors & Monitoring,2419,7.226.2419 Flowmeters
7,7 Engineering & Materials Science,226,7.226 Electrical - Sensors & Monitoring,2767,7.226.2767 Picosecond Ultrasonics
7,7 Engineering & Materials Science,227,7.227 Manufacturing,355,7.227.355 Tool Wear
7,7 Engineering & Materials Science,227,7.227 Manufacturing,1221,7.227.1221 Isogeometric Analysis
7,7 Engineering & Materials Science,227,7.227 Manufacturing,1429,7.227.1429 Thermal Error
7,7 Engineering & Materials Science,227,7.227 Manufacturing,1513,7.227.1513 Chemical Mechanical Polishing
7,7 Engineering & Materials Science,227,7.227 Manufacturing,1706,7.227.1706 Electrochemical Machining
7,7 Engineering & Materials Science,229,7.229 Mineral & Metal Processing,774,7.229.774 Bioleaching
7,7 Engineering & Materials Science,229,7.229 Mineral & Metal Processing,781,7.229.781 Continuous Casting
7,7 Engineering & Materials Science,229,7.229 Mineral & Metal Processing,1157,7.229.1157 Flotation
7,7 Engineering & Materials Science,229,7.229 Mineral & Metal Processing,1484,7.229.1484 Blast Furnace
7,7 Engineering & Materials Science,229,7.229 Mineral & Metal Processing,2385,7.229.2385 Red Mud
7,7 Engineering & Materials Science,251,7.251 Electrical - Harvesting & Discharging,772,7.251.772 Space Charge
7,7 Engineering & Materials Science,251,7.251 Electrical - Harvesting & Discharging,1052,7.251.1052 Partial Discharge
7,7 Engineering & Materials Science,251,7.251 Electrical - Harvesting & Discharging,1204,7.251.1204 Energy Harvesting
7,7 Engineering & Materials Science,251,7.251 Electrical - Harvesting & Discharging,2013,7.251.2013 Composite Insulators
7,7 Engineering & Materials Science,260,7.260 Nuclear Engineering,913,7.260.913 Burnup
7,7 Engineering & Materials Science,260,7.260 Nuclear Engineering,999,7.260.999 Zircaloy-4
7,7 Engineering & Materials Science,260,7.260 Nuclear Engineering,1274,7.260.1274 Molten Salts
7,7 Engineering & Materials Science,262,7.262 Explosives,745,7.262.745 Energetic Materials
7,7 Engineering & Materials Science,262,7.262 Explosives,787,7.262.787 Spall Strength
7,7 Engineering & Materials Science,262,7.262 Explosives,2024,7.262.2024 TNT
7,7 Engineering & Materials Science,272,7.272 Electrical - Solder & Connections,538,7.272.538 Solder Joints
7,7 Engineering & Materials Science,300,7.300 Asphalt,908,7.300.908 Asphalt Mixture
7,7 Engineering & Materials Science,301,7.301 Shape Memory Alloys,917,7.301.917 Shape Memory Alloys
8,8 Earth Sciences,8,"8.8 Geochemistry, Geophysics & Geology",1,8.8.1 Geochemistry
8,8 Earth Sciences,8,"8.8 Geochemistry, Geophysics & Geology",36,8.8.36 Earthquakes
8,8 Earth Sciences,8,"8.8 Geochemistry, Geophysics & Geology",391,8.8.391 Tectonics
8,8 Earth Sciences,8,"8.8 Geochemistry, Geophysics & Geology",517,8.8.517 Foraminifera
8,8 Earth Sciences,8,"8.8 Geochemistry, Geophysics & Geology",550,8.8.550 Conodonts
8,8 Earth Sciences,8,"8.8 Geochemistry, Geophysics & Geology",692,8.8.692 Lower Mantle
8,8 Earth Sciences,8,"8.8 Geochemistry, Geophysics & Geology",752,8.8.752 Stromatolites
8,8 Earth Sciences,8,"8.8 Geochemistry, Geophysics & Geology",885,8.8.885 Volcano
8,8 Earth Sciences,8,"8.8 Geochemistry, Geophysics & Geology",1050,8.8.1050 Turbidity Currents
8,8 Earth Sciences,8,"8.8 Geochemistry, Geophysics & Geology",1200,8.8.1200 Magnetotactic Bacteria
8,8 Earth Sciences,8,"8.8 Geochemistry, Geophysics & Geology",1377,8.8.1377 Hydrothermal Vents
8,8 Earth Sciences,8,"8.8 Geochemistry, Geophysics & Geology",1416,8.8.1416 Landscape Evolution
8,8 Earth Sciences,8,"8.8 Geochemistry, Geophysics & Geology",1641,8.8.1641 Rare Earth Elements
8,8 Earth Sciences,8,"8.8 Geochemistry, Geophysics & Geology",2054,8.8.2054 Perchlorate
8,8 Earth Sciences,8,"8.8 Geochemistry, Geophysics & Geology",2206,8.8.2206 Compositional Data
8,8 Earth Sciences,8,"8.8 Geochemistry, Geophysics & Geology",2217,8.8.2217 Platinum-Group Minerals
8,8 Earth Sciences,8,"8.8 Geochemistry, Geophysics & Geology",2439,8.8.2439 Tourmaline
8,8 Earth Sciences,19,"8.19 Oceanography, Meteorology & Atmospheric Sciences",7,8.19.7 Evapotranspiration
8,8 Earth Sciences,19,"8.19 Oceanography, Meteorology & Atmospheric Sciences",38,8.19.38 ENSO
8,8 Earth Sciences,19,"8.19 Oceanography, Meteorology & Atmospheric Sciences",113,8.19.113 Tropical Cyclones
8,8 Earth Sciences,19,"8.19 Oceanography, Meteorology & Atmospheric Sciences",153,8.19.153 Internal Waves
8,8 Earth Sciences,19,"8.19 Oceanography, Meteorology & Atmospheric Sciences",543,8.19.543 Clouds
8,8 Earth Sciences,19,"8.19 Oceanography, Meteorology & Atmospheric Sciences",668,8.19.668 Glacier
8,8 Earth Sciences,19,"8.19 Oceanography, Meteorology & Atmospheric Sciences",743,8.19.743 Urban Heat Island
8,8 Earth Sciences,19,"8.19 Oceanography, Meteorology & Atmospheric Sciences",1269,8.19.1269 Scatterometer
8,8 Earth Sciences,93,8.93 Archaeology,8,8.93.8 Holocene
8,8 Earth Sciences,93,8.93 Archaeology,362,8.93.362 Archaeology
8,8 Earth Sciences,93,8.93 Archaeology,805,8.93.805 Mammalia
8,8 Earth Sciences,93,8.93 Archaeology,1153,8.93.1153 Forensic Anthropology
8,8 Earth Sciences,93,8.93 Archaeology,1193,8.93.1193 Stable Isotopes
8,8 Earth Sciences,124,8.124 Environmental Sciences,10,8.124.10 Aerosols
8,8 Earth Sciences,124,8.124 Environmental Sciences,552,8.124.552 Air Pollution
8,8 Earth Sciences,124,8.124 Environmental Sciences,1636,8.124.1636 Formaldehyde
8,8 Earth Sciences,124,8.124 Environmental Sciences,1648,8.124.1648 Heat Waves
8,8 Earth Sciences,124,8.124 Environmental Sciences,1775,8.124.1775 Fracking
8,8 Earth Sciences,124,8.124 Environmental Sciences,2044,8.124.2044 Dimethylsulfoniopropionate
8,8 Earth Sciences,140,8.140 Water Resources,450,8.140.450 Solute Transport
8,8 Earth Sciences,140,8.140 Water Resources,513,8.140.513 Kerogen
8,8 Earth Sciences,140,8.140 Water Resources,566,8.140.566 Groundwater
8,8 Earth Sciences,140,8.140 Water Resources,718,8.140.718 Enhanced Oil Recovery
8,8 Earth Sciences,140,8.140 Water Resources,1260,8.140.1260 Asphaltenes
8,8 Earth Sciences,140,8.140 Water Resources,1869,8.140.1869 Random Sequential Adsorption
8,8 Earth Sciences,205,8.205 Ocean Dynamics,294,8.205.294 Sea Level Rise
8,8 Earth Sciences,205,8.205 Ocean Dynamics,814,8.205.814 Scour
8,8 Earth Sciences,205,8.205 Ocean Dynamics,940,8.205.940 Wave Energy
8,8 Earth Sciences,205,8.205 Ocean Dynamics,2041,8.205.2041 Wind Erosion
8,8 Earth Sciences,205,8.205 Ocean Dynamics,2090,8.205.2090 Sloshing
8,8 Earth Sciences,205,8.205 Ocean Dynamics,2114,8.205.2114 Vortex Tube
8,8 Earth Sciences,212,8.212 Sensors & Tomography,547,8.212.547 Seismic Data
8,8 Earth Sciences,212,8.212 Sensors & Tomography,652,8.212.652 Ground Penetrating Radar
8,8 Earth Sciences,212,8.212 Sensors & Tomography,1276,8.212.1276 Microwave Imaging
8,8 Earth Sciences,212,8.212 Sensors & Tomography,1368,8.212.1368 Underwater Acoustic Communication
8,8 Earth Sciences,212,8.212 Sensors & Tomography,1753,8.212.1753 Electrical Impedance Tomography
8,8 Earth Sciences,242,8.242 Nuclear Geology,700,8.242.700 Radon
8,8 Earth Sciences,242,8.242 Nuclear Geology,893,8.242.893 Cs-137
8,8 Earth Sciences,242,8.242 Nuclear Geology,1362,8.242.1362 Uranyl
8,8 Earth Sciences,242,8.242 Nuclear Geology,2247,8.242.2247 Tritium
8,8 Earth Sciences,242,8.242 Nuclear Geology,2399,8.242.2399 TDCR
8,8 Earth Sciences,283,8.283 Archaeometry,978,8.283.978 Archaeometry
8,8 Earth Sciences,283,8.283 Archaeometry,1603,8.283.1603 Biodeterioration
8,8 Earth Sciences,283,8.283 Archaeometry,2250,8.283.2250 Underwater Cultural Heritage
8,8 Earth Sciences,292,8.292 Mapping & Topography,889,8.292.889 Precise Point Positioning
8,8 Earth Sciences,292,8.292 Mapping & Topography,1980,8.292.1980 Orthogonal Frequency Division Multiplexing
8,8 Earth Sciences,292,8.292 Mapping & Topography,2560,8.292.2560 Layered Division Multiplexing
8,8 Earth Sciences,292,8.292 Mapping & Topography,2770,8.292.2770 Ultra Wideband 
8,8 Earth Sciences,305,8.305 Paleontology,1035,8.305.1035 Dinosauria
8,8 Earth Sciences,312,8.312 Gas Hydrates,1202,8.312.1202 Gas Hydrate
9,9 Mathematics,28,9.28 Pure Maths,246,9.28.246 Moduli Spaces
9,9 Mathematics,28,9.28 Pure Maths,327,9.28.327 Elliptic Curves
9,9 Mathematics,28,9.28 Pure Maths,500,9.28.500 Knots
9,9 Mathematics,28,9.28 Pure Maths,534,9.28.534 Hausdorff Dimension
9,9 Mathematics,28,9.28 Pure Maths,675,9.28.675 Finite Groups
9,9 Mathematics,28,9.28 Pure Maths,680,9.28.680 Hecke Algebras
9,9 Mathematics,28,9.28 Pure Maths,729,9.28.729 Commutative Ring
9,9 Mathematics,28,9.28 Pure Maths,886,9.28.886 *-Algebras
9,9 Mathematics,28,9.28 Pure Maths,947,9.28.947 Algebraic K-Theory
9,9 Mathematics,28,9.28 Pure Maths,1029,9.28.1029 Quantum Groups
9,9 Mathematics,28,9.28 Pure Maths,1228,9.28.1228 Stirling Numbers
9,9 Mathematics,28,9.28 Pure Maths,1639,9.28.1639 Prime Ring
9,9 Mathematics,28,9.28 Pure Maths,2116,9.28.2116 O-Minimal Structures
9,9 Mathematics,50,9.50 Applied Statistics & Probability,276,9.50.276 Positive Solutions
9,9 Mathematics,50,9.50 Applied Statistics & Probability,372,9.50.372 Fractional Brownian Motion
9,9 Mathematics,50,9.50 Applied Statistics & Probability,415,9.50.415 Harmonic Maps
9,9 Mathematics,50,9.50 Applied Statistics & Probability,649,9.50.649 BMO
9,9 Mathematics,50,9.50 Applied Statistics & Probability,736,9.50.736 Boundary Control
9,9 Mathematics,50,9.50 Applied Statistics & Probability,1018,9.50.1018 Navier-Stokes Equations
9,9 Mathematics,50,9.50 Applied Statistics & Probability,1025,9.50.1025 Composition Operator
9,9 Mathematics,50,9.50 Applied Statistics & Probability,1056,9.50.1056 Schrodinger Operator
9,9 Mathematics,50,9.50 Applied Statistics & Probability,1224,9.50.1224 Banach Space
9,9 Mathematics,50,9.50 Applied Statistics & Probability,1470,9.50.1470 Pseudoconvex Domains
9,9 Mathematics,50,9.50 Applied Statistics & Probability,1564,9.50.1564 Convex Body
9,9 Mathematics,50,9.50 Applied Statistics & Probability,1665,9.50.1665 Convergence
9,9 Mathematics,50,9.50 Applied Statistics & Probability,1962,9.50.1962 Viscosity Solutions
9,9 Mathematics,50,9.50 Applied Statistics & Probability,2256,9.50.2256 Clifford Analysis
9,9 Mathematics,92,9.92 Statistical Methods,220,9.92.220 Nonparametric Regression
9,9 Mathematics,92,9.92 Statistical Methods,332,9.92.332 Missing Data
9,9 Mathematics,92,9.92 Statistical Methods,738,9.92.738 Order Statistics
9,9 Mathematics,92,9.92 Statistical Methods,851,9.92.851 Adaptive Design
9,9 Mathematics,92,9.92 Statistical Methods,1337,9.92.1337 Causal Inference
9,9 Mathematics,92,9.92 Statistical Methods,1472,9.92.1472 Average Run Length
9,9 Mathematics,92,9.92 Statistical Methods,1551,9.92.1551 D-Optimality
9,9 Mathematics,92,9.92 Statistical Methods,1800,9.92.1800 L-Moments
9,9 Mathematics,92,9.92 Statistical Methods,2485,9.92.2485 Poisson Approximation
9,9 Mathematics,143,9.143 Dynamical Systems & Time Dependence,278,9.143.278 Chaos
9,9 Mathematics,143,9.143 Dynamical Systems & Time Dependence,674,9.143.674 Econophysics
9,9 Mathematics,143,9.143 Dynamical Systems & Time Dependence,777,9.143.777 Global Exponential Stability
9,9 Mathematics,143,9.143 Dynamical Systems & Time Dependence,1161,9.143.1161 Belousov-Zhabotinsky Reaction
9,9 Mathematics,143,9.143 Dynamical Systems & Time Dependence,1163,9.143.1163 Stochastic Resonance
9,9 Mathematics,143,9.143 Dynamical Systems & Time Dependence,1689,9.143.1689 Limit Cycles
9,9 Mathematics,143,9.143 Dynamical Systems & Time Dependence,1690,9.143.1690 Nonextensive Statistical Mechanics
9,9 Mathematics,162,9.162 Numerical Methods,448,9.162.448 Fractional Calculus
9,9 Mathematics,162,9.162 Numerical Methods,476,9.162.476 Global Stability
9,9 Mathematics,162,9.162 Numerical Methods,585,9.162.585 Positive Solution
9,9 Mathematics,162,9.162 Numerical Methods,1391,9.162.1391 Runge-Kutta Methods
9,9 Mathematics,162,9.162 Numerical Methods,1492,9.162.1492 Ill-posed Problems
9,9 Mathematics,162,9.162 Numerical Methods,1864,9.162.1864 Logistic Source
9,9 Mathematics,207,9.207 Comvergence & Optimization,303,9.207.303 Fixed Point
9,9 Mathematics,207,9.207 Comvergence & Optimization,584,9.207.584 Moore-Penrose Inverse
9,9 Mathematics,207,9.207 Comvergence & Optimization,1340,9.207.1340 Unconstrained Optimization
9,9 Mathematics,207,9.207 Comvergence & Optimization,1532,9.207.1532 Order Of Convergence
9,9 Mathematics,207,9.207 Comvergence & Optimization,2043,9.207.2043 Discrete Tomography
9,9 Mathematics,270,9.270 Functional Analysis,1218,9.270.1218 Orthogonal Polynomials
9,9 Mathematics,270,9.270 Functional Analysis,1643,9.270.1643 Hermite-Hadamard Inequality
9,9 Mathematics,270,9.270 Functional Analysis,1909,9.270.1909 Statistical Convergence
9,9 Mathematics,270,9.270 Functional Analysis,1954,9.270.1954 Starlike Functions
9,9 Mathematics,270,9.270 Functional Analysis,2002,9.270.2002 Quasi-Monte Carlo
9,9 Mathematics,270,9.270 Functional Analysis,2207,9.270.2207 Hyers-Ulam Stability
9,9 Mathematics,270,9.270 Functional Analysis,2218,9.270.2218 Meromorphic Function
9,9 Mathematics,280,9.280 Algebra & Topology,865,9.280.865 Fuzzy Topology
9,9 Mathematics,280,9.280 Algebra & Topology,1047,9.280.1047 Mv-Algebra
9,9 Mathematics,280,9.280 Algebra & Topology,2463,9.280.2463 Ball Lightning
10,10 Arts & Humanities,99,10.99 Literary Theory,1136,10.99.1136 Cinema
10,10 Arts & Humanities,99,10.99 Literary Theory,1286,10.99.1286 Wordsworth
10,10 Arts & Humanities,99,10.99 Literary Theory,1623,10.99.1623 World Literature
10,10 Arts & Humanities,99,10.99 Literary Theory,1714,10.99.1714 Jane Eyre
10,10 Arts & Humanities,99,10.99 Literary Theory,1778,10.99.1778 Narratology
10,10 Arts & Humanities,99,10.99 Literary Theory,1793,10.99.1793 Toni Morrison
10,10 Arts & Humanities,99,10.99 Literary Theory,1888,10.99.1888 Coetzee
10,10 Arts & Humanities,99,10.99 Literary Theory,2094,10.99.2094 Gertrude Stein
10,10 Arts & Humanities,99,10.99 Literary Theory,2113,10.99.2113 Rossetti
10,10 Arts & Humanities,99,10.99 Literary Theory,2120,10.99.2120 Comics
10,10 Arts & Humanities,99,10.99 Literary Theory,2165,10.99.2165 Virginia Woolf
10,10 Arts & Humanities,99,10.99 Literary Theory,2187,10.99.2187 Margaret Atwood
10,10 Arts & Humanities,99,10.99 Literary Theory,2226,10.99.2226 Melville
10,10 Arts & Humanities,99,10.99 Literary Theory,2232,10.99.2232 Children's Literature
10,10 Arts & Humanities,99,10.99 Literary Theory,2261,10.99.2261 Science Fiction
10,10 Arts & Humanities,99,10.99 Literary Theory,2280,10.99.2280 Don Delillo
10,10 Arts & Humanities,99,10.99 Literary Theory,2320,10.99.2320 Intermediality
10,10 Arts & Humanities,99,10.99 Literary Theory,2330,10.99.2330 Latin American Literature
10,10 Arts & Humanities,99,10.99 Literary Theory,2334,10.99.2334 Diaspora
10,10 Arts & Humanities,99,10.99 Literary Theory,2346,10.99.2346 Ethical Literary Criticism
10,10 Arts & Humanities,99,10.99 Literary Theory,2347,10.99.2347 Roberto Bolano
10,10 Arts & Humanities,99,10.99 Literary Theory,2351,10.99.2351 Gothic
10,10 Arts & Humanities,99,10.99 Literary Theory,2386,10.99.2386 Postmodernism
10,10 Arts & Humanities,99,10.99 Literary Theory,2388,10.99.2388 Edith Wharton
10,10 Arts & Humanities,99,10.99 Literary Theory,2403,10.99.2403 Joyce
10,10 Arts & Humanities,99,10.99 Literary Theory,2413,10.99.2413 Heterotopia
10,10 Arts & Humanities,99,10.99 Literary Theory,2415,10.99.2415 Irish Literature
10,10 Arts & Humanities,99,10.99 Literary Theory,2424,10.99.2424 Contemporary German Literature
10,10 Arts & Humanities,99,10.99 Literary Theory,2431,10.99.2431 Henry James
10,10 Arts & Humanities,99,10.99 Literary Theory,2435,10.99.2435 Joseph Conrad
10,10 Arts & Humanities,99,10.99 Literary Theory,2448,10.99.2448 Assia Djebar
10,10 Arts & Humanities,126,10.126 Philosophy,530,10.126.530 Rawls
10,10 Arts & Humanities,126,10.126 Philosophy,852,10.126.852 Frege
10,10 Arts & Humanities,126,10.126 Philosophy,1019,10.126.1019 Virtue Epistemology
10,10 Arts & Humanities,126,10.126 Philosophy,1217,10.126.1217 Physicalism
10,10 Arts & Humanities,126,10.126 Philosophy,1568,10.126.1568 Philosophy of Science
10,10 Arts & Humanities,126,10.126 Philosophy,1852,10.126.1852 Husserl
10,10 Arts & Humanities,126,10.126 Philosophy,1914,10.126.1914 Aesthetics
10,10 Arts & Humanities,126,10.126 Philosophy,1975,10.126.1975 Moral Enhancement
10,10 Arts & Humanities,126,10.126 Philosophy,1995,10.126.1995 Peirce
10,10 Arts & Humanities,126,10.126 Philosophy,2012,10.126.2012 Kant
10,10 Arts & Humanities,126,10.126 Philosophy,2082,10.126.2082 Spinoza
10,10 Arts & Humanities,126,10.126 Philosophy,2156,10.126.2156 Hegel
10,10 Arts & Humanities,126,10.126 Philosophy,2158,10.126.2158 Hobbes
10,10 Arts & Humanities,126,10.126 Philosophy,2179,10.126.2179 Moral Philosophy
10,10 Arts & Humanities,126,10.126 Philosophy,2383,10.126.2383 Wittgenstein
10,10 Arts & Humanities,144,10.144 Modern History,586,10.144.586 Slavery
10,10 Arts & Humanities,144,10.144 Modern History,1118,10.144.1118 Anthropometric History
10,10 Arts & Humanities,144,10.144 Modern History,1387,10.144.1387 Civil Rights
10,10 Arts & Humanities,144,10.144 Modern History,1613,10.144.1613 Mexican Revolution
10,10 Arts & Humanities,144,10.144 Modern History,1621,10.144.1621 Settler Colonialism
10,10 Arts & Humanities,144,10.144 Modern History,1725,10.144.1725 British Politics
10,10 Arts & Humanities,144,10.144 Modern History,1884,10.144.1884 French Revolution
10,10 Arts & Humanities,144,10.144 Modern History,1887,10.144.1887 Lower Canada
10,10 Arts & Humanities,144,10.144 Modern History,2123,10.144.2123 Environmental History
10,10 Arts & Humanities,144,10.144 Modern History,2154,10.144.2154 Tocqueville
10,10 Arts & Humanities,144,10.144 Modern History,2299,10.144.2299 Devolution
10,10 Arts & Humanities,144,10.144 Modern History,2343,10.144.2343 Global History
10,10 Arts & Humanities,144,10.144 Modern History,2350,10.144.2350 Implicit Cultural Policy
10,10 Arts & Humanities,144,10.144 Modern History,2392,10.144.2392 Philippines
10,10 Arts & Humanities,144,10.144 Modern History,2425,10.144.2425 Australia and New Zealand
10,10 Arts & Humanities,144,10.144 Modern History,2452,10.144.2452 History of Education
10,10 Arts & Humanities,144,10.144 Modern History,2489,10.144.2489 North Korea
10,10 Arts & Humanities,149,10.149 Medieval & Early Modern History,662,10.149.662 Shakespeare
10,10 Arts & Humanities,149,10.149 Medieval & Early Modern History,881,10.149.881 Byzantium
10,10 Arts & Humanities,149,10.149 Medieval & Early Modern History,1240,10.149.1240 Renaissance
10,10 Arts & Humanities,149,10.149 Medieval & Early Modern History,1529,10.149.1529 Chaucer
10,10 Arts & Humanities,149,10.149 Medieval & Early Modern History,1721,10.149.1721 Confessionalization
10,10 Arts & Humanities,149,10.149 Medieval & Early Modern History,1961,10.149.1961 Lope De Vega
10,10 Arts & Humanities,149,10.149 Medieval & Early Modern History,1978,10.149.1978 Moriscos
10,10 Arts & Humanities,149,10.149 Medieval & Early Modern History,2016,10.149.2016 Beowulf
10,10 Arts & Humanities,149,10.149 Medieval & Early Modern History,2070,10.149.2070 Motet
10,10 Arts & Humanities,149,10.149 Medieval & Early Modern History,2140,10.149.2140 Machiavelli
10,10 Arts & Humanities,149,10.149 Medieval & Early Modern History,2251,10.149.2251 Parzival
10,10 Arts & Humanities,149,10.149 Medieval & Early Modern History,2397,10.149.2397 Castile
10,10 Arts & Humanities,201,10.201 Ancient Religion & Literature,392,10.201.392 Christology
10,10 Arts & Humanities,201,10.201 Ancient Religion & Literature,863,10.201.863 Roman Empire
10,10 Arts & Humanities,201,10.201 Ancient Religion & Literature,956,10.201.956 Euripides
10,10 Arts & Humanities,201,10.201 Ancient Religion & Literature,1471,10.201.1471 Plato
10,10 Arts & Humanities,201,10.201 Ancient Religion & Literature,2302,10.201.2302 Nabataean
10,10 Arts & Humanities,201,10.201 Ancient Religion & Literature,2319,10.201.2319 Indo European
10,10 Arts & Humanities,201,10.201 Ancient Religion & Literature,2457,10.201.2457 Augustine
10,10 Arts & Humanities,201,10.201 Ancient Religion & Literature,2500,10.201.2500 Archaeoastronomy
10,10 Arts & Humanities,240,10.240 Music,657,10.240.657 Music Psychology
10,10 Arts & Humanities,240,10.240 Music,1348,10.240.1348 Music Theory
10,10 Arts & Humanities,240,10.240 Music,1566,10.240.1566 Popular Music
10,10 Arts & Humanities,240,10.240 Music,1735,10.240.1735 Ethnomusicology
10,10 Arts & Humanities,240,10.240 Music,1872,10.240.1872 Arts Therapies
10,10 Arts & Humanities,245,10.245 20th Century History,1462,10.245.1462 Collective Memory
10,10 Arts & Humanities,245,10.245 20th Century History,1463,10.245.1463 Fascism
10,10 Arts & Humanities,245,10.245 20th Century History,1619,10.245.1619 Cold War
10,10 Arts & Humanities,245,10.245 20th Century History,1930,10.245.1930 Hayden White
10,10 Arts & Humanities,245,10.245 20th Century History,2007,10.245.2007 World War
10,10 Arts & Humanities,245,10.245 20th Century History,2014,10.245.2014 Zionism
10,10 Arts & Humanities,245,10.245 20th Century History,2329,10.245.2329 Israel and Palestine
10,10 Arts & Humanities,245,10.245 20th Century History,2354,10.245.2354 Francoism
10,10 Arts & Humanities,268,10.268 History & Philosophy of Science,1427,10.268.1427 Natural Philosophy
10,10 Arts & Humanities,268,10.268 History & Philosophy of Science,1606,10.268.1606 History of Psychiatry
10,10 Arts & Humanities,268,10.268 History & Philosophy of Science,1686,10.268.1686 Big Science
10,10 Arts & Humanities,268,10.268 History & Philosophy of Science,2117,10.268.2117 Eugenics
10,10 Arts & Humanities,268,10.268 History & Philosophy of Science,2245,10.268.2245 Dacs Scheme
10,10 Arts & Humanities,268,10.268 History & Philosophy of Science,2339,10.268.2339 History of Probability
10,10 Arts & Humanities,279,"10.279 Soviet, Russian & East European History",1137,10.279.1137 Soviet Union
10,10 Arts & Humanities,279,"10.279 Soviet, Russian & East European History",1743,10.279.1743 Russia
10,10 Arts & Humanities,279,"10.279 Soviet, Russian & East European History",2235,10.279.2235 Dostoevsky
10,10 Arts & Humanities,279,"10.279 Soviet, Russian & East European History",2373,10.279.2373 Old Rus
10,10 Arts & Humanities,279,"10.279 Soviet, Russian & East European History",2407,10.279.2407 Balkanism
10,10 Arts & Humanities,290,10.290 Art,2182,10.290.2182 Museums
10,10 Arts & Humanities,290,10.290 Art,2184,10.290.2184 Art History
10,10 Arts & Humanities,290,10.290 Art,2219,10.290.2219 Art Education
10,10 Arts & Humanities,290,10.290 Art,2240,10.290.2240 Modern Architecture
10,10 Arts & Humanities,290,10.290 Art,2300,10.290.2300 Photography
10,10 Arts & Humanities,290,10.290 Art,2340,10.290.2340 Goethe
10,10 Arts & Humanities,290,10.290 Art,2359,10.290.2359 Craftivism
10,10 Arts & Humanities,290,10.290 Art,2464,10.290.2464 Cultural Property
10,10 Arts & Humanities,290,10.290 Art,2476,10.290.2476 Fashion and Material Culture
10,10 Arts & Humanities,309,10.309 Theater,1736,10.309.1736 Theatre
10,10 Arts & Humanities,309,10.309 Theater,2414,10.309.2414 Martial Arts
10,10 Arts & Humanities,309,10.309 Theater,2429,10.309.2429 Opera
10,10 Arts & Humanities,325,10.325 Translational Studies,1625,10.325.1625 Audiovisual Translation
10,10 Arts & Humanities,325,10.325 Translational Studies,2502,10.325.2502 Lexicography
10,10 Arts & Humanities,325,10.325 Translational Studies,2763,10.325.2763 Authorship Attribution